country,date,count
France,1/22/20,0
France,1/23/20,0
France,1/24/20,2
France,1/25/20,3
France,1/26/20,3
France,1/27/20,3
France,1/28/20,4
France,1/29/20,5
France,1/30/20,5
France,1/31/20,5
France,2/1/20,6
France,2/2/20,6
France,2/3/20,6
France,2/4/20,6
France,2/5/20,6
France,2/6/20,6
France,2/7/20,6
France,2/8/20,11
France,2/9/20,11
France,2/10/20,11
France,2/11/20,11
France,2/12/20,11
France,2/13/20,11
France,2/14/20,11
France,2/15/20,12
France,2/16/20,12
France,2/17/20,12
France,2/18/20,12
France,2/19/20,12
France,2/20/20,12
France,2/21/20,12
France,2/22/20,12
France,2/23/20,12
France,2/24/20,12
France,2/25/20,14
France,2/26/20,18
France,2/27/20,38
France,2/28/20,57
France,2/29/20,100
France,3/1/20,130
France,3/2/20,191
France,3/3/20,212
France,3/4/20,285
France,3/5/20,423
France,3/6/20,613
France,3/7/20,938
France,3/8/20,1115
France,3/9/20,1401
France,3/10/20,1773
France,3/11/20,2281
France,3/12/20,2281
France,3/13/20,3661
France,3/14/20,4469
France,3/15/20,4499
France,3/16/20,6633
France,3/17/20,7652
France,3/18/20,9043
France,3/19/20,10871
France,3/20/20,12612
France,3/21/20,14282
France,3/22/20,16533
France,3/23/20,19856
France,3/24/20,22054
France,3/25/20,24967
France,3/26/20,28856
France,3/27/20,32609
France,3/28/20,37162
France,3/29/20,39761
France,3/30/20,44029
France,3/31/20,51579
France,4/1/20,56362
France,4/2/20,58404
France,4/3/20,63588
France,4/4/20,46483
France,4/5/20,47299
France,4/6/20,49934
France,4/7/20,46400
France,4/8/20,50242
France,4/9/20,54003
France,4/10/20,55538
France,4/11/20,56972
France,4/12/20,107712
France,4/13/20,110836
France,4/14/20,128272
France,4/15/20,131476
France,4/16/20,144035
France,4/17/20,145896
France,4/18/20,149683
France,4/19/20,150752
France,4/20/20,153197
France,4/21/20,155821
France,4/22/20,157603
France,4/23/20,155881
France,4/24/20,158653
France,4/25/20,160295
France,4/26/20,160907
France,4/27/20,164592
France,4/28/20,167650
France,4/29/20,166193
France,4/30/20,167326
France,5/1/20,167846
France,5/2/20,168637
France,5/3/20,168887
France,5/4/20,169405
France,5/5/20,170467
France,5/6/20,174596
France,5/7/20,175218
France,5/8/20,175743
France,5/9/20,176132
France,5/10/20,176338
France,5/11/20,176651
France,5/12/20,177330
France,5/13/20,177790
France,5/14/20,178353
France,5/15/20,178837
France,5/16/20,179140
France,5/17/20,179250
France,5/18/20,179650
France,5/19/20,180143
France,5/20/20,180499
France,5/21/20,180752
France,5/22/20,181444
France,5/23/20,181969
France,5/24/20,181410
France,5/25/20,181684
France,5/26/20,181880
France,5/27/20,182018
France,5/28/20,185300
France,5/29/20,185842
France,5/30/20,187608
France,5/31/20,187817
France,6/1/20,187986
France,6/2/20,187265
France,6/3/20,184015
France,6/4/20,188286
France,6/5/20,188808
France,6/6/20,189330
France,6/7/20,189621
France,6/8/20,189782
France,6/9/20,190266
France,6/10/20,190743
France,6/11/20,191040
France,6/12/20,191679
France,6/13/20,192043
France,6/14/20,192317
France,6/15/20,192369
France,6/16/20,192915
France,6/17/20,193256
France,6/18/20,193576
France,6/19/20,194121
France,6/20/20,194535
France,6/21/20,194599
France,6/22/20,194693
France,6/23/20,195256
France,6/24/20,195256
France,6/25/20,195256
France,6/26/20,196267
France,6/27/20,196521
France,6/28/20,196111
France,6/29/20,196390
France,6/30/20,196554
France,7/1/20,197238
France,7/2/20,197591
France,7/3/20,197994
France,7/4/20,197994
France,7/5/20,197994
France,7/6/20,198850
France,7/7/20,199170
France,7/8/20,199699
France,7/9/20,200027
France,7/10/20,200569
France,7/11/20,200569
France,7/12/20,200569
France,7/13/20,201755
France,7/14/20,201755
France,7/15/20,202383
France,7/16/20,202819
France,7/17/20,203516
France,7/18/20,203516
France,7/19/20,203516
France,7/20/20,205308
France,7/21/20,205773
France,7/22/20,206641
France,7/23/20,207650
France,7/24/20,208553
France,7/25/20,208553
France,7/26/20,208553
France,7/27/20,210821
France,7/28/20,211337
France,7/29/20,212676
France,7/30/20,213927
France,7/31/20,215135
France,8/1/20,215135
France,8/2/20,215135
France,8/3/20,218351
France,8/4/20,219253
France,8/5/20,220874
France,8/6/20,222398
France,8/7/20,224602
France,8/8/20,224602
France,8/9/20,224602
France,8/10/20,229203
France,8/11/20,230540
France,8/12/20,232966
France,8/13/20,235540
France,8/14/20,238240
France,8/15/20,241371
France,8/16/20,244335
France,8/17/20,244761
France,8/18/20,246821
France,8/19/20,250539
France,8/20/20,255214
France,8/21/20,259717
France,8/22/20,263129
France,8/23/20,267589
France,8/24/20,269452
France,8/25/20,272643
France,8/26/20,272643
France,8/27/20,283698
France,8/28/20,290929
France,8/29/20,296265
France,8/30/20,301554
France,8/31/20,304349
France,9/1/20,309247
France,9/2/20,316047
France,9/3/20,322935
France,9/4/20,331578
France,9/5/20,340013
France,9/6/20,346921
France,9/7/20,351017
France,9/8/20,357473
France,9/9/20,365025
France,9/10/20,374586
France,9/11/20,383854
France,9/12/20,394270
France,9/13/20,400533
France,9/14/20,406609
France,9/15/20,414196
France,9/16/20,423924
France,9/17/20,433871
France,9/18/20,446961
France,9/19/20,460328
France,9/20/20,470864
France,9/21/20,476162
France,9/22/20,485929
France,9/23/20,497914
France,9/24/20,513732
France,9/25/20,529501
France,9/26/20,543688
France,9/27/20,554304
France,9/28/20,558374
France,9/29/20,566196
France,9/30/20,578769
France,10/1/20,591783
France,10/2/20,603920
France,10/3/20,620330
France,10/4/20,632834
France,10/5/20,637918
France,10/6/20,648116
France,10/7/20,666849
France,10/8/20,684164
France,10/9/20,704478
France,10/10/20,731155
France,10/11/20,747092
France,10/12/20,755597
France,10/13/20,768380
France,10/14/20,790959
France,10/15/20,820685
France,10/16/20,845740
France,10/17/20,877840
France,10/18/20,907677
France,10/19/20,920916
France,10/20/20,941085
France,10/21/20,967717
France,10/22/20,1008483
France,10/23/20,1050468
France,10/24/20,1095708
France,10/25/20,1102262
France,10/26/20,1174279
France,10/27/20,1207430
France,10/28/20,1243855
France,10/29/20,1290446
France,10/30/20,1339640
France,10/31/20,1374691
France,11/1/20,1420870
France,11/2/20,1525184
France,11/3/20,1597139
France,11/4/20,1549838
France,11/5/20,1607147
France,11/6/20,1667604
France,11/7/20,1754202
France,11/8/20,1792764
France,11/9/20,1812919
France,11/10/20,1834515
France,11/11/20,1870380
France,11/12/20,1902644
France,11/13/20,1926314
France,11/14/20,1958235
France,11/15/20,1985427
France,11/16/20,1994728
France,11/17/20,2039938
France,11/18/20,2068297
France,11/19/20,2088784
France,11/20/20,2111646
France,11/21/20,2129287
France,11/22/20,2142417
France,11/23/20,2146869
France,11/24/20,2155722
France,11/25/20,2171967
France,11/26/20,2184846
France,11/27/20,2197283
France,11/28/20,2209739
France,11/29/20,2219502
France,11/30/20,2223393
France,12/1/20,2231344
France,12/2/20,2245324
France,12/3/20,2257894
France,12/4/20,2269080
France,12/5/20,2281889
France,12/6/20,2292838
France,12/7/20,2296249
France,12/8/20,2309760
France,12/9/20,2324300
France,12/10/20,2337594
France,12/11/20,2350923
France,12/12/20,2364740
France,12/13/20,2376228
France,12/14/20,2379291
France,12/15/20,2390419
France,12/16/20,2407983
France,12/17/20,2426063
France,12/18/20,2441737
France,12/19/20,2458839
France,12/20/20,2471458
France,12/21/20,2477255
France,12/22/20,2488889
France,12/23/20,2503693
France,12/24/20,2525234
France,12/25/20,2545358
France,12/26/20,2548388
France,12/27/20,2556621
France,12/28/20,2559575
France,12/29/20,2570767
France,12/30/20,2597124
France,12/31/20,2616902
France,1/1/21,2636045
France,1/2/21,2639404
France,1/3/21,2651893
France,1/4/21,2655915
France,1/5/21,2676195
France,1/6/21,2701215
France,1/7/21,2722728
France,1/8/21,2742349
France,1/9/21,2762120
France,1/10/21,2777921
France,1/11/21,2781503
France,1/12/21,2800770
France,1/13/21,2824473
France,1/14/21,2845701
France,1/15/21,2866413
France,1/16/21,2887532
France,1/17/21,2903975
France,1/18/21,2907711
France,1/19/21,2931050
France,1/20/21,2957547
France,1/21/21,2979915
France,1/22/21,3002910
France,1/23/21,3026320
France,1/24/21,3044358
France,1/25/21,3048598
France,1/26/21,3070458
France,1/27/21,3097374
France,1/28/21,3120634
France,1/29/21,3143417
France,1/30/21,3167274
France,1/31/21,3186354
France,2/1/21,3190701
France,2/2/21,3213360
France,2/3/21,3239256
France,2/4/21,3238798
France,2/5/21,3284085
France,2/6/21,3303273
France,2/7/21,3322988
France,2/8/21,3327305
France,2/9/21,3345558
France,2/10/21,3370645
France,2/11/21,3390952
France,2/12/21,3410996
France,2/13/21,3431805
France,2/14/21,3447518
France,2/15/21,3451894
France,2/16/21,3471268
France,2/17/21,3495775
France,2/18/21,3517177
France,2/19/21,3541282
France,2/20/21,3562707
France,2/21/21,3584326
France,2/22/21,3588972
France,2/23/21,3608271
France,2/24/21,3639501
France,2/25/21,3664050
France,2/26/21,3689034
France,2/27/21,3712474
France,2/28/21,3732426
France,3/1/21,3736390
France,3/2/21,3759247
France,3/3/21,3785326
France,3/4/21,3810605
France,3/5/21,3833572
France,3/6/21,3856182
France,3/7/21,3878007
France,3/8/21,3883334
France,3/9/21,3906363
France,3/10/21,3935990
France,3/11/21,3963156
France,3/12/21,3988194
France,3/13/21,4017844
France,3/14/21,4043769
France,3/15/21,4050010
France,3/16/21,4080012
France,3/17/21,4117650
France,3/18/21,4152604
France,3/19/21,4187630
France,3/20/21,4222935
France,3/21/21,4252919
France,3/22/21,4268711
France,3/23/21,4283389
France,3/24/21,4347614
France,3/25/21,4393255
France,3/26/21,4434884
France,3/27/21,4477503
France,3/28/21,4513685
France,3/29/21,4522779
France,3/30/21,4553481
France,3/31/21,4611392
France,4/1/21,4661841
France,4/2/21,4708648
France,4/3/21,4707488
France,4/4/21,4788117
France,4/5/21,4799078
France,4/6/21,4807123
France,4/7/21,4807123
France,4/8/21,4903965
France,4/9/21,4903965
France,4/10/21,4903965
France,4/11/21,5021865
France,4/12/21,5030401
France,4/13/21,5068534
France,4/14/21,5111882
France,4/15/21,5149776
France,4/16/21,5186109
France,4/17/21,5221888
France,4/18/21,5249622
France,4/19/21,5256318
France,4/20/21,5300321
France,4/21/21,5334144
France,4/22/21,5367544
France,4/23/21,5399600
France,4/24/21,5432085
France,4/25/21,5456417
France,4/26/21,5460793
France,4/27/21,5490025
France,4/28/21,5521227
France,4/29/21,5547670
France,4/30/21,5571804
France,5/1/21,5597295
France,5/2/21,5605532
France,5/3/21,5609292
France,5/4/21,5633509
France,5/5/21,5658254
France,5/6/21,5679730
France,5/7/21,5698706
France,5/8/21,5718165
France,5/9/21,5727293
France,5/10/21,5730585
France,5/11/21,5750098
France,5/12/21,5770128
France,5/13/21,5789589
France,5/14/21,5796058
France,5/15/21,5811711
France,5/16/21,5825659
France,5/17/21,5829009
France,5/18/21,5845010
France,5/19/21,5863138
France,5/20/21,5514022
France,5/21/21,5526555
France,5/22/21,5538938
France,5/23/21,5547914
France,5/24/21,5550143
France,5/25/21,5552977
France,5/26/21,5564217
France,5/27/21,5578150
France,5/28/21,5588981
France,5/29/21,5600353
France,5/30/21,5608347
France,5/31/21,5609558
France,6/1/21,5619133
France,6/2/21,5619133
France,6/3/21,5634526
France,6/4/21,5641296
France,6/5/21,5647950
France,6/6/21,5652705
France,6/7/21,5653678
France,6/8/21,5659478
France,6/9/21,5663717
France,6/10/21,5667993
France,6/11/21,5671864
France,6/12/21,5675604
France,6/13/21,5678209
France,6/14/21,5678893
France,6/15/21,5681846
France,6/16/21,5683536
France,6/17/21,5685387
France,6/18/21,5688557
France,6/19/21,5691181
France,6/20/21,5692996
France,6/21/21,5692968
France,6/22/21,5694975
France,6/23/21,5696069
France,6/24/21,5698076
France,6/25/21,5699818
France,6/26/21,5701946
France,6/27/21,5703524
France,6/28/21,5703780
France,6/29/21,5705863
France,6/30/21,5707142
France,7/1/21,5709806
France,7/2/21,5712276
France,7/3/21,5715282
France,7/4/21,5717831
France,7/5/21,5718270
France,7/6/21,5720593
France,7/7/21,5724395
France,7/8/21,5728837
France,7/9/21,5733214
France,7/10/21,5737910
France,7/11/21,5742166
France,7/12/21,5742783
France,7/13/21,5749593
France,7/14/21,5749593
France,7/15/21,5760374
France,7/16/21,5771282
France,7/17/21,5782231
France,7/18/21,5794763
France,7/19/21,5796453
France,7/20/21,5814442
France,7/21/21,5834523
France,7/22/21,5856432
France,7/23/21,5875702
France,7/24/21,5901326
France,7/25/21,5916568
France,7/26/21,5919170
France,7/27/21,5946041
France,7/28/21,5971078
France,7/29/21,5996132
France,7/30/21,6020331
France,7/31/21,6043802
France,8/1/21,6063402
France,8/2/21,6063402
France,8/3/21,6084067
France,8/4/21,6111503
France,8/5/21,6137948
France,8/6/21,6161967
France,8/7/21,6187722
France,8/8/21,6208172
France,8/9/21,6211471
France,8/10/21,6232682
France,8/11/21,6260194
France,8/12/21,6288585
France,8/13/21,6314823
France,8/14/21,6339250
France,8/15/21,6360422
France,8/16/21,6366015
France,8/17/21,6378738
France,8/18/21,6406369
France,8/19/21,6430319
France,8/20/21,6450822
France,8/21/21,6473458
France,8/22/21,6490758
France,8/23/21,6492581
France,8/24/21,6517026
France,8/25/21,6537883
France,8/26/21,6557287
France,8/27/21,6557287
France,8/28/21,6591438
France,8/29/21,6605068
France,8/30/21,6605068
France,8/31/21,6605068
France,9/1/21,6635813
France,9/2/21,6649966
France,9/3/21,6662874
France,9/4/21,6676210
France,9/5/21,6686620
France,9/6/21,6688909
France,9/7/21,6702711
France,9/8/21,6702711
France,9/9/21,6720301
France,9/10/21,6730199
France,9/11/21,6739800
France,9/12/21,6747479
France,9/13/21,6748770
France,9/14/21,6759097
France,9/15/21,6759097
France,9/16/21,6771911
France,9/17/21,6778846
France,9/18/21,6786260
France,9/19/21,6792074
Italy,1/22/20,0
Italy,1/23/20,0
Italy,1/24/20,0
Italy,1/25/20,0
Italy,1/26/20,0
Italy,1/27/20,0
Italy,1/28/20,0
Italy,1/29/20,0
Italy,1/30/20,0
Italy,1/31/20,2
Italy,2/1/20,2
Italy,2/2/20,2
Italy,2/3/20,2
Italy,2/4/20,2
Italy,2/5/20,2
Italy,2/6/20,2
Italy,2/7/20,3
Italy,2/8/20,3
Italy,2/9/20,3
Italy,2/10/20,3
Italy,2/11/20,3
Italy,2/12/20,3
Italy,2/13/20,3
Italy,2/14/20,3
Italy,2/15/20,3
Italy,2/16/20,3
Italy,2/17/20,3
Italy,2/18/20,3
Italy,2/19/20,3
Italy,2/20/20,3
Italy,2/21/20,20
Italy,2/22/20,62
Italy,2/23/20,155
Italy,2/24/20,229
Italy,2/25/20,322
Italy,2/26/20,453
Italy,2/27/20,655
Italy,2/28/20,888
Italy,2/29/20,1128
Italy,3/1/20,1694
Italy,3/2/20,2036
Italy,3/3/20,2502
Italy,3/4/20,3089
Italy,3/5/20,3858
Italy,3/6/20,4636
Italy,3/7/20,5883
Italy,3/8/20,7375
Italy,3/9/20,9172
Italy,3/10/20,10149
Italy,3/11/20,12462
Italy,3/12/20,15113
Italy,3/13/20,17660
Italy,3/14/20,21157
Italy,3/15/20,24747
Italy,3/16/20,27980
Italy,3/17/20,31506
Italy,3/18/20,35713
Italy,3/19/20,41035
Italy,3/20/20,47021
Italy,3/21/20,53578
Italy,3/22/20,59138
Italy,3/23/20,63927
Italy,3/24/20,69176
Italy,3/25/20,74386
Italy,3/26/20,80589
Italy,3/27/20,86498
Italy,3/28/20,92472
Italy,3/29/20,97689
Italy,3/30/20,101739
Italy,3/31/20,105792
Italy,4/1/20,110574
Italy,4/2/20,115242
Italy,4/3/20,119827
Italy,4/4/20,124632
Italy,4/5/20,128948
Italy,4/6/20,132547
Italy,4/7/20,135586
Italy,4/8/20,139422
Italy,4/9/20,143626
Italy,4/10/20,147577
Italy,4/11/20,152271
Italy,4/12/20,156363
Italy,4/13/20,159516
Italy,4/14/20,162488
Italy,4/15/20,165155
Italy,4/16/20,168941
Italy,4/17/20,172434
Italy,4/18/20,175925
Italy,4/19/20,178972
Italy,4/20/20,181228
Italy,4/21/20,183957
Italy,4/22/20,187327
Italy,4/23/20,189973
Italy,4/24/20,192994
Italy,4/25/20,195351
Italy,4/26/20,197675
Italy,4/27/20,199414
Italy,4/28/20,201505
Italy,4/29/20,203591
Italy,4/30/20,205463
Italy,5/1/20,207428
Italy,5/2/20,209328
Italy,5/3/20,210717
Italy,5/4/20,211938
Italy,5/5/20,213013
Italy,5/6/20,214457
Italy,5/7/20,215858
Italy,5/8/20,217185
Italy,5/9/20,218268
Italy,5/10/20,219070
Italy,5/11/20,219814
Italy,5/12/20,221216
Italy,5/13/20,222104
Italy,5/14/20,223096
Italy,5/15/20,223885
Italy,5/16/20,224760
Italy,5/17/20,225435
Italy,5/18/20,225886
Italy,5/19/20,226699
Italy,5/20/20,227364
Italy,5/21/20,228006
Italy,5/22/20,228658
Italy,5/23/20,229327
Italy,5/24/20,229858
Italy,5/25/20,230158
Italy,5/26/20,230555
Italy,5/27/20,231139
Italy,5/28/20,231732
Italy,5/29/20,232248
Italy,5/30/20,232664
Italy,5/31/20,232997
Italy,6/1/20,233197
Italy,6/2/20,233515
Italy,6/3/20,233836
Italy,6/4/20,234013
Italy,6/5/20,234531
Italy,6/6/20,234801
Italy,6/7/20,234998
Italy,6/8/20,235278
Italy,6/9/20,235561
Italy,6/10/20,235763
Italy,6/11/20,236142
Italy,6/12/20,236305
Italy,6/13/20,236651
Italy,6/14/20,236989
Italy,6/15/20,237290
Italy,6/16/20,237500
Italy,6/17/20,237828
Italy,6/18/20,238159
Italy,6/19/20,238011
Italy,6/20/20,238275
Italy,6/21/20,238499
Italy,6/22/20,238720
Italy,6/23/20,238833
Italy,6/24/20,239410
Italy,6/25/20,239706
Italy,6/26/20,239961
Italy,6/27/20,240136
Italy,6/28/20,240310
Italy,6/29/20,240436
Italy,6/30/20,240578
Italy,7/1/20,240760
Italy,7/2/20,240961
Italy,7/3/20,241184
Italy,7/4/20,241419
Italy,7/5/20,241611
Italy,7/6/20,241819
Italy,7/7/20,241956
Italy,7/8/20,242149
Italy,7/9/20,242363
Italy,7/10/20,242639
Italy,7/11/20,242827
Italy,7/12/20,243061
Italy,7/13/20,243230
Italy,7/14/20,243344
Italy,7/15/20,243506
Italy,7/16/20,243736
Italy,7/17/20,243967
Italy,7/18/20,244216
Italy,7/19/20,244434
Italy,7/20/20,244624
Italy,7/21/20,244752
Italy,7/22/20,245032
Italy,7/23/20,245338
Italy,7/24/20,245590
Italy,7/25/20,245864
Italy,7/26/20,246118
Italy,7/27/20,246286
Italy,7/28/20,246488
Italy,7/29/20,246776
Italy,7/30/20,247158
Italy,7/31/20,247537
Italy,8/1/20,247832
Italy,8/2/20,248070
Italy,8/3/20,248229
Italy,8/4/20,248419
Italy,8/5/20,248803
Italy,8/6/20,249204
Italy,8/7/20,249756
Italy,8/8/20,250103
Italy,8/9/20,250566
Italy,8/10/20,250825
Italy,8/11/20,251237
Italy,8/12/20,251713
Italy,8/13/20,252235
Italy,8/14/20,252809
Italy,8/15/20,253438
Italy,8/16/20,253915
Italy,8/17/20,254235
Italy,8/18/20,254636
Italy,8/19/20,255278
Italy,8/20/20,256118
Italy,8/21/20,257065
Italy,8/22/20,258136
Italy,8/23/20,259345
Italy,8/24/20,260298
Italy,8/25/20,261174
Italy,8/26/20,262540
Italy,8/27/20,263949
Italy,8/28/20,265409
Italy,8/29/20,266853
Italy,8/30/20,268218
Italy,8/31/20,269214
Italy,9/1/20,270189
Italy,9/2/20,271515
Italy,9/3/20,272912
Italy,9/4/20,274644
Italy,9/5/20,276338
Italy,9/6/20,277634
Italy,9/7/20,278784
Italy,9/8/20,280153
Italy,9/9/20,281583
Italy,9/10/20,283180
Italy,9/11/20,284796
Italy,9/12/20,286297
Italy,9/13/20,287753
Italy,9/14/20,288761
Italy,9/15/20,289990
Italy,9/16/20,291442
Italy,9/17/20,293025
Italy,9/18/20,294932
Italy,9/19/20,296569
Italy,9/20/20,298156
Italy,9/21/20,299506
Italy,9/22/20,300897
Italy,9/23/20,302537
Italy,9/24/20,304323
Italy,9/25/20,306235
Italy,9/26/20,308104
Italy,9/27/20,309870
Italy,9/28/20,311364
Italy,9/29/20,313011
Italy,9/30/20,314861
Italy,10/1/20,317409
Italy,10/2/20,319908
Italy,10/3/20,322751
Italy,10/4/20,325329
Italy,10/5/20,327586
Italy,10/6/20,330263
Italy,10/7/20,333940
Italy,10/8/20,338398
Italy,10/9/20,343770
Italy,10/10/20,349494
Italy,10/11/20,354950
Italy,10/12/20,359569
Italy,10/13/20,365467
Italy,10/14/20,372799
Italy,10/15/20,381602
Italy,10/16/20,391611
Italy,10/17/20,402536
Italy,10/18/20,414241
Italy,10/19/20,423578
Italy,10/20/20,434449
Italy,10/21/20,449648
Italy,10/22/20,465726
Italy,10/23/20,484869
Italy,10/24/20,504509
Italy,10/25/20,525782
Italy,10/26/20,542789
Italy,10/27/20,564778
Italy,10/28/20,589766
Italy,10/29/20,616595
Italy,10/30/20,647674
Italy,10/31/20,679430
Italy,11/1/20,709335
Italy,11/2/20,731588
Italy,11/3/20,759829
Italy,11/4/20,790377
Italy,11/5/20,824879
Italy,11/6/20,862681
Italy,11/7/20,902490
Italy,11/8/20,935104
Italy,11/9/20,960373
Italy,11/10/20,995463
Italy,11/11/20,1028424
Italy,11/12/20,1066401
Italy,11/13/20,1107303
Italy,11/14/20,1144552
Italy,11/15/20,1178529
Italy,11/16/20,1205881
Italy,11/17/20,1238072
Italy,11/18/20,1272352
Italy,11/19/20,1308528
Italy,11/20/20,1345767
Italy,11/21/20,1380531
Italy,11/22/20,1408868
Italy,11/23/20,1431795
Italy,11/24/20,1455022
Italy,11/25/20,1480874
Italy,11/26/20,1509875
Italy,11/27/20,1538217
Italy,11/28/20,1564532
Italy,11/29/20,1585178
Italy,11/30/20,1601554
Italy,12/1/20,1620901
Italy,12/2/20,1641610
Italy,12/3/20,1664829
Italy,12/4/20,1688939
Italy,12/5/20,1709991
Italy,12/6/20,1728878
Italy,12/7/20,1742557
Italy,12/8/20,1757394
Italy,12/9/20,1770149
Italy,12/10/20,1787147
Italy,12/11/20,1805873
Italy,12/12/20,1825775
Italy,12/13/20,1843712
Italy,12/14/20,1855737
Italy,12/15/20,1870576
Italy,12/16/20,1888144
Italy,12/17/20,1906377
Italy,12/18/20,1921778
Italy,12/19/20,1938083
Italy,12/20/20,1953185
Italy,12/21/20,1964054
Italy,12/22/20,1977370
Italy,12/23/20,1991278
Italy,12/24/20,2009317
Italy,12/25/20,2028354
Italy,12/26/20,2038759
Italy,12/27/20,2047696
Italy,12/28/20,2056277
Italy,12/29/20,2067487
Italy,12/30/20,2083689
Italy,12/31/20,2107166
Italy,1/1/21,2129376
Italy,1/2/21,2141201
Italy,1/3/21,2155446
Italy,1/4/21,2166244
Italy,1/5/21,2181619
Italy,1/6/21,2201945
Italy,1/7/21,2220361
Italy,1/8/21,2237890
Italy,1/9/21,2257866
Italy,1/10/21,2276491
Italy,1/11/21,2289021
Italy,1/12/21,2303263
Italy,1/13/21,2319036
Italy,1/14/21,2336279
Italy,1/15/21,2352423
Italy,1/16/21,2368733
Italy,1/17/21,2381277
Italy,1/18/21,2390102
Italy,1/19/21,2400598
Italy,1/20/21,2414166
Italy,1/21/21,2428221
Italy,1/22/21,2441854
Italy,1/23/21,2455185
Italy,1/24/21,2466813
Italy,1/25/21,2475372
Italy,1/26/21,2485956
Italy,1/27/21,2501147
Italy,1/28/21,2515507
Italy,1/29/21,2529070
Italy,1/30/21,2541783
Italy,1/31/21,2553032
Italy,2/1/21,2560957
Italy,2/2/21,2570608
Italy,2/3/21,2583790
Italy,2/4/21,2597446
Italy,2/5/21,2611659
Italy,2/6/21,2625098
Italy,2/7/21,2636738
Italy,2/8/21,2644707
Italy,2/9/21,2655319
Italy,2/10/21,2668266
Italy,2/11/21,2683403
Italy,2/12/21,2697296
Italy,2/13/21,2710819
Italy,2/14/21,2721879
Italy,2/15/21,2729223
Italy,2/16/21,2739591
Italy,2/17/21,2751657
Italy,2/18/21,2765412
Italy,2/19/21,2780882
Italy,2/20/21,2795796
Italy,2/21/21,2809246
Italy,2/22/21,2818863
Italy,2/23/21,2832162
Italy,2/24/21,2848564
Italy,2/25/21,2868435
Italy,2/26/21,2888923
Italy,2/27/21,2907825
Italy,2/28/21,2925265
Italy,3/1/21,2938371
Italy,3/2/21,2955434
Italy,3/3/21,2976274
Italy,3/4/21,2999119
Italy,3/5/21,3023129
Italy,3/6/21,3046762
Italy,3/7/21,3067486
Italy,3/8/21,3081368
Italy,3/9/21,3101093
Italy,3/10/21,3123368
Italy,3/11/21,3149017
Italy,3/12/21,3175807
Italy,3/13/21,3201838
Italy,3/14/21,3223142
Italy,3/15/21,3238394
Italy,3/16/21,3258770
Italy,3/17/21,3281810
Italy,3/18/21,3306711
Italy,3/19/21,3332418
Italy,3/20/21,3356331
Italy,3/21/21,3376376
Italy,3/22/21,3400877
Italy,3/23/21,3419616
Italy,3/24/21,3440862
Italy,3/25/21,3464543
Italy,3/26/21,3488619
Italy,3/27/21,3512453
Italy,3/28/21,3532057
Italy,3/29/21,3544957
Italy,3/30/21,3561012
Italy,3/31/21,3584899
Italy,4/1/21,3607083
Italy,4/2/21,3629000
Italy,4/3/21,3650247
Italy,4/4/21,3668264
Italy,4/5/21,3678944
Italy,4/6/21,3686707
Italy,4/7/21,3700393
Italy,4/8/21,3717602
Italy,4/9/21,3736526
Italy,4/10/21,3754077
Italy,4/11/21,3769814
Italy,4/12/21,3779594
Italy,4/13/21,3793033
Italy,4/14/21,3809193
Italy,4/15/21,3826156
Italy,4/16/21,3842079
Italy,4/17/21,3857443
Italy,4/18/21,3870131
Italy,4/19/21,3878994
Italy,4/20/21,3891063
Italy,4/21/21,3904899
Italy,4/22/21,3920945
Italy,4/23/21,3935703
Italy,4/24/21,3949517
Italy,4/25/21,3962674
Italy,4/26/21,3971114
Italy,4/27/21,3981512
Italy,4/28/21,3994894
Italy,4/29/21,4009208
Italy,4/30/21,4022653
Italy,5/1/21,4035617
Italy,5/2/21,4044762
Italy,5/3/21,4050708
Italy,5/4/21,4059821
Italy,5/5/21,4070400
Italy,5/6/21,4082198
Italy,5/7/21,4092747
Italy,5/8/21,4102921
Italy,5/9/21,4111210
Italy,5/10/21,4116287
Italy,5/11/21,4123230
Italy,5/12/21,4131078
Italy,5/13/21,4139160
Italy,5/14/21,4146722
Italy,5/15/21,4153374
Italy,5/16/21,4159122
Italy,5/17/21,4162576
Italy,5/18/21,4167025
Italy,5/19/21,4172525
Italy,5/20/21,4178261
Italy,5/21/21,4183476
Italy,5/22/21,4188190
Italy,5/23/21,4192183
Italy,5/24/21,4194672
Italy,5/25/21,4197892
Italy,5/26/21,4201827
Italy,5/27/21,4205970
Italy,5/28/21,4209707
Italy,5/29/21,4213055
Italy,5/30/21,4216003
Italy,5/31/21,4217821
Italy,6/1/21,4220304
Italy,6/2/21,4223200
Italy,6/3/21,4225163
Italy,6/4/21,4227719
Italy,6/5/21,4230153
Italy,6/6/21,4232428
Italy,6/7/21,4233698
Italy,6/8/21,4235592
Italy,6/9/21,4237790
Italy,6/10/21,4239868
Italy,6/11/21,4241760
Italy,6/12/21,4243482
Italy,6/13/21,4244872
Italy,6/14/21,4245779
Italy,6/15/21,4247032
Italy,6/16/21,4248432
Italy,6/17/21,4249755
Italy,6/18/21,4250902
Italy,6/19/21,4252095
Italy,6/20/21,4252976
Italy,6/21/21,4253460
Italy,6/22/21,4254294
Italy,6/23/21,4255434
Italy,6/24/21,4255700
Italy,6/25/21,4256451
Italy,6/26/21,4257289
Italy,6/27/21,4258069
Italy,6/28/21,4258456
Italy,6/29/21,4259133
Italy,6/30/21,4259909
Italy,7/1/21,4260788
Italy,7/2/21,4261582
Italy,7/3/21,4262511
Italy,7/4/21,4263317
Italy,7/5/21,4263797
Italy,7/6/21,4264704
Italy,7/7/21,4265714
Italy,7/8/21,4267105
Italy,7/9/21,4268491
Italy,7/10/21,4269885
Italy,7/11/21,4271276
Italy,7/12/21,4272163
Italy,7/13/21,4273693
Italy,7/14/21,4275846
Italy,7/15/21,4278319
Italy,7/16/21,4281214
Italy,7/17/21,4284332
Italy,7/18/21,4287458
Italy,7/19/21,4289528
Italy,7/20/21,4293083
Italy,7/21/21,4297337
Italy,7/22/21,4302393
Italy,7/23/21,4307535
Italy,7/24/21,4312673
Italy,7/25/21,4317415
Italy,7/26/21,4320530
Italy,7/27/21,4325046
Italy,7/28/21,4330739
Italy,7/29/21,4336906
Italy,7/30/21,4343519
Italy,7/31/21,4350028
Italy,8/1/21,4355348
Italy,8/2/21,4358533
Italy,8/3/21,4363374
Italy,8/4/21,4369964
Italy,8/5/21,4377188
Italy,8/6/21,4383787
Italy,8/7/21,4390684
Italy,8/8/21,4396417
Italy,8/9/21,4400617
Italy,8/10/21,4406241
Italy,8/11/21,4413162
Italy,8/12/21,4420429
Italy,8/13/21,4427827
Italy,8/14/21,4435008
Italy,8/15/21,4440669
Italy,8/16/21,4444338
Italy,8/17/21,4449606
Italy,8/18/21,4456765
Italy,8/19/21,4464005
Italy,8/20/21,4471225
Italy,8/21/21,4478691
Italy,8/22/21,4484613
Italy,8/23/21,4488779
Italy,8/24/21,4494857
Italy,8/25/21,4502396
Italy,8/26/21,4509611
Italy,8/27/21,4517434
Italy,8/28/21,4524292
Italy,8/29/21,4530246
Italy,8/30/21,4534499
Italy,8/31/21,4539991
Italy,9/1/21,4546487
Italy,9/2/21,4553241
Italy,9/3/21,4559970
Italy,9/4/21,4566126
Italy,9/5/21,4571440
Italy,9/6/21,4574787
Italy,9/7/21,4579502
Italy,9/8/21,4585423
Italy,9/9/21,4590941
Italy,9/10/21,4596558
Italy,9/11/21,4601749
Italy,9/12/21,4606413
Italy,9/13/21,4609205
Italy,9/14/21,4613214
Italy,9/15/21,4618040
Italy,9/16/21,4623155
Italy,9/17/21,4627699
Italy,9/18/21,4632275
Italy,9/19/21,4636111
US,1/22/20,1
US,1/23/20,1
US,1/24/20,2
US,1/25/20,2
US,1/26/20,5
US,1/27/20,5
US,1/28/20,5
US,1/29/20,6
US,1/30/20,6
US,1/31/20,8
US,2/1/20,8
US,2/2/20,8
US,2/3/20,11
US,2/4/20,11
US,2/5/20,11
US,2/6/20,12
US,2/7/20,12
US,2/8/20,12
US,2/9/20,12
US,2/10/20,12
US,2/11/20,13
US,2/12/20,13
US,2/13/20,14
US,2/14/20,14
US,2/15/20,14
US,2/16/20,14
US,2/17/20,14
US,2/18/20,14
US,2/19/20,14
US,2/20/20,14
US,2/21/20,16
US,2/22/20,16
US,2/23/20,16
US,2/24/20,16
US,2/25/20,16
US,2/26/20,16
US,2/27/20,17
US,2/28/20,17
US,2/29/20,25
US,3/1/20,32
US,3/2/20,55
US,3/3/20,74
US,3/4/20,107
US,3/5/20,184
US,3/6/20,237
US,3/7/20,403
US,3/8/20,519
US,3/9/20,594
US,3/10/20,782
US,3/11/20,1147
US,3/12/20,1586
US,3/13/20,2219
US,3/14/20,2978
US,3/15/20,3212
US,3/16/20,4679
US,3/17/20,6512
US,3/18/20,9169
US,3/19/20,13663
US,3/20/20,20030
US,3/21/20,26025
US,3/22/20,34943
US,3/23/20,46095
US,3/24/20,56713
US,3/25/20,68840
US,3/26/20,86660
US,3/27/20,105252
US,3/28/20,127412
US,3/29/20,143546
US,3/30/20,165699
US,3/31/20,192079
US,4/1/20,224281
US,4/2/20,256627
US,4/3/20,288992
US,4/4/20,321379
US,4/5/20,350713
US,4/6/20,382646
US,4/7/20,413222
US,4/8/20,444340
US,4/9/20,480413
US,4/10/20,514689
US,4/11/20,543878
US,4/12/20,570812
US,4/13/20,597804
US,4/14/20,626217
US,4/15/20,652179
US,4/16/20,682442
US,4/17/20,715446
US,4/18/20,743379
US,4/19/20,769250
US,4/20/20,799039
US,4/21/20,825257
US,4/22/20,854328
US,4/23/20,887581
US,4/24/20,919920
US,4/25/20,950298
US,4/26/20,976871
US,4/27/20,1000666
US,4/28/20,1025354
US,4/29/20,1051785
US,4/30/20,1080942
US,5/1/20,1115844
US,5/2/20,1143248
US,5/3/20,1167577
US,5/4/20,1191815
US,5/5/20,1216263
US,5/6/20,1240643
US,5/7/20,1268263
US,5/8/20,1295396
US,5/9/20,1320096
US,5/10/20,1339109
US,5/11/20,1358248
US,5/12/20,1381134
US,5/13/20,1401651
US,5/14/20,1428387
US,5/15/20,1453084
US,5/16/20,1477368
US,5/17/20,1496008
US,5/18/20,1518221
US,5/19/20,1539140
US,5/20/20,1561935
US,5/21/20,1587722
US,5/22/20,1611380
US,5/23/20,1632499
US,5/24/20,1652805
US,5/25/20,1671293
US,5/26/20,1690277
US,5/27/20,1709753
US,5/28/20,1731476
US,5/29/20,1756124
US,5/30/20,1780337
US,5/31/20,1799673
US,6/1/20,1816677
US,6/2/20,1837946
US,6/3/20,1857726
US,6/4/20,1879461
US,6/5/20,1904372
US,6/6/20,1925846
US,6/7/20,1944114
US,6/8/20,1960813
US,6/9/20,1978821
US,6/10/20,2000017
US,6/11/20,2022418
US,6/12/20,2047567
US,6/13/20,2072692
US,6/14/20,2092024
US,6/15/20,2110607
US,6/16/20,2134508
US,6/17/20,2161723
US,6/18/20,2190124
US,6/19/20,2221809
US,6/20/20,2254343
US,6/21/20,2280410
US,6/22/20,2311569
US,6/23/20,2348834
US,6/24/20,2385046
US,6/25/20,2425306
US,6/26/20,2471625
US,6/27/20,2513323
US,6/28/20,2555119
US,6/29/20,2594820
US,6/30/20,2643189
US,7/1/20,2694754
US,7/2/20,2751122
US,7/3/20,2803739
US,7/4/20,2852098
US,7/5/20,2902900
US,7/6/20,2945635
US,7/7/20,3004762
US,7/8/20,3064405
US,7/9/20,3125358
US,7/10/20,3193159
US,7/11/20,3254418
US,7/12/20,3314446
US,7/13/20,3372310
US,7/14/20,3439200
US,7/15/20,3507136
US,7/16/20,3583188
US,7/17/20,3654731
US,7/18/20,3719081
US,7/19/20,3780327
US,7/20/20,3840819
US,7/21/20,3906365
US,7/22/20,3976739
US,7/23/20,4045488
US,7/24/20,4119126
US,7/25/20,4185281
US,7/26/20,4241608
US,7/27/20,4298452
US,7/28/20,4361592
US,7/29/20,4430559
US,7/30/20,4498499
US,7/31/20,4566927
US,8/1/20,4625323
US,8/2/20,4671780
US,8/3/20,4716963
US,8/4/20,4772233
US,8/5/20,4827757
US,8/6/20,4885297
US,8/7/20,4945718
US,8/8/20,5000824
US,8/9/20,5048971
US,8/10/20,5094861
US,8/11/20,5147232
US,8/12/20,5199963
US,8/13/20,5251392
US,8/14/20,5316688
US,8/15/20,5366034
US,8/16/20,5405944
US,8/17/20,5441747
US,8/18/20,5484652
US,8/19/20,5529086
US,8/20/20,5573664
US,8/21/20,5622432
US,8/22/20,5666776
US,8/23/20,5701261
US,8/24/20,5736166
US,8/25/20,5777021
US,8/26/20,5820958
US,8/27/20,5866918
US,8/28/20,5913430
US,8/29/20,5957637
US,8/30/20,5992439
US,8/31/20,6025142
US,9/1/20,6067955
US,9/2/20,6108643
US,9/3/20,6152977
US,9/4/20,6203648
US,9/5/20,6247035
US,9/6/20,6278009
US,9/7/20,6301851
US,9/8/20,6327477
US,9/9/20,6362077
US,9/10/20,6398016
US,9/11/20,6445983
US,9/12/20,6487676
US,9/13/20,6522118
US,9/14/20,6555366
US,9/15/20,6594827
US,9/16/20,6633733
US,9/17/20,6678935
US,9/18/20,6728078
US,9/19/20,6770658
US,9/20/20,6809537
US,9/21/20,6860260
US,9/22/20,6900328
US,9/23/20,6939239
US,9/24/20,6986608
US,9/25/20,7034975
US,9/26/20,7079908
US,9/27/20,7117970
US,9/28/20,7150638
US,9/29/20,7194201
US,9/30/20,7233300
US,10/1/20,7279279
US,10/2/20,7334425
US,10/3/20,7383906
US,10/4/20,7419449
US,10/5/20,7457763
US,10/6/20,7503146
US,10/7/20,7554272
US,10/8/20,7613295
US,10/9/20,7669971
US,10/10/20,7725462
US,10/11/20,7772127
US,10/12/20,7813705
US,10/13/20,7865268
US,10/14/20,7924561
US,10/15/20,7989620
US,10/16/20,8058751
US,10/17/20,8116059
US,10/18/20,8166867
US,10/19/20,8233942
US,10/20/20,8295643
US,10/21/20,8358797
US,10/22/20,8435004
US,10/23/20,8517526
US,10/24/20,8600808
US,10/25/20,8663122
US,10/26/20,8729834
US,10/27/20,8806855
US,10/28/20,8886177
US,10/29/20,8977160
US,10/30/20,9077214
US,10/31/20,9167573
US,11/1/20,9272757
US,11/2/20,9356856
US,11/3/20,9484603
US,11/4/20,9588722
US,11/5/20,9718609
US,11/6/20,9846484
US,11/7/20,9977745
US,11/8/20,10092524
US,11/9/20,10211848
US,11/10/20,10351774
US,11/11/20,10499991
US,11/12/20,10662950
US,11/13/20,10844001
US,11/14/20,11015060
US,11/15/20,11152078
US,11/16/20,11312880
US,11/17/20,11476655
US,11/18/20,11650165
US,11/19/20,11841888
US,11/20/20,12043083
US,11/21/20,12223946
US,11/22/20,12370157
US,11/23/20,12543341
US,11/24/20,12720667
US,11/25/20,12905323
US,11/26/20,13021544
US,11/27/20,13226490
US,11/28/20,13384108
US,11/29/20,13524513
US,11/30/20,13681250
US,12/1/20,13875094
US,12/2/20,14079268
US,12/3/20,14303769
US,12/4/20,14538479
US,12/5/20,14759218
US,12/6/20,14937777
US,12/7/20,15129318
US,12/8/20,15359825
US,12/9/20,15581389
US,12/10/20,15815643
US,12/11/20,16056357
US,12/12/20,16276407
US,12/13/20,16463242
US,12/14/20,16665170
US,12/15/20,16886664
US,12/16/20,17127111
US,12/17/20,17364632
US,12/18/20,17613128
US,12/19/20,17814236
US,12/20/20,17999535
US,12/21/20,18190836
US,12/22/20,18392072
US,12/23/20,18617481
US,12/24/20,18822716
US,12/25/20,18930669
US,12/26/20,19149189
US,12/27/20,19303667
US,12/28/20,19471670
US,12/29/20,19672879
US,12/30/20,19894631
US,12/31/20,20153436
US,1/1/21,20318112
US,1/2/21,20614569
US,1/3/21,20817632
US,1/4/21,21000313
US,1/5/21,21231539
US,1/6/21,21487860
US,1/7/21,21776547
US,1/8/21,22079506
US,1/9/21,22338598
US,1/10/21,22551301
US,1/11/21,22763313
US,1/12/21,22981747
US,1/13/21,23211249
US,1/14/21,23449919
US,1/15/21,23696155
US,1/16/21,23904220
US,1/17/21,24080560
US,1/18/21,24221345
US,1/19/21,24386760
US,1/20/21,24572050
US,1/21/21,24764047
US,1/22/21,24953412
US,1/23/21,25127641
US,1/24/21,25265235
US,1/25/21,25408150
US,1/26/21,25552490
US,1/27/21,25707785
US,1/28/21,25874369
US,1/29/21,26041134
US,1/30/21,26185837
US,1/31/21,26300990
US,2/1/21,26430603
US,2/2/21,26544833
US,2/3/21,26667910
US,2/4/21,26791845
US,2/5/21,26923133
US,2/6/21,27033875
US,2/7/21,27125359
US,2/8/21,27211291
US,2/9/21,27305479
US,2/10/21,27401350
US,2/11/21,27507483
US,2/12/21,27607288
US,2/13/21,27695872
US,2/14/21,27762183
US,2/15/21,27816653
US,2/16/21,27875813
US,2/17/21,27945859
US,2/18/21,28017150
US,2/19/21,28095282
US,2/20/21,28168408
US,2/21/21,28226164
US,2/22/21,28281310
US,2/23/21,28353230
US,2/24/21,28428239
US,2/25/21,28506228
US,2/26/21,28583906
US,2/27/21,28649641
US,2/28/21,28701633
US,3/1/21,28757063
US,3/2/21,28814028
US,3/3/21,28881181
US,3/4/21,28949428
US,3/5/21,29016353
US,3/6/21,29075195
US,3/7/21,29117219
US,3/8/21,29161873
US,3/9/21,29217840
US,3/10/21,29276011
US,3/11/21,29338782
US,3/12/21,29400390
US,3/13/21,29453948
US,3/14/21,29492646
US,3/15/21,29547896
US,3/16/21,29602213
US,3/17/21,29661602
US,3/18/21,29721955
US,3/19/21,29783929
US,3/20/21,29840548
US,3/21/21,29875149
US,3/22/21,29925269
US,3/23/21,29978663
US,3/24/21,30065460
US,3/25/21,30133328
US,3/26/21,30210796
US,3/27/21,30274619
US,3/28/21,30318249
US,3/29/21,30386580
US,3/30/21,30447795
US,3/31/21,30514628
US,4/1/21,30593790
US,4/2/21,30664696
US,4/3/21,30728451
US,4/4/21,30764622
US,4/5/21,30839461
US,4/6/21,30900352
US,4/7/21,30975356
US,4/8/21,31055466
US,4/9/21,31139656
US,4/10/21,31208303
US,4/11/21,31254371
US,4/12/21,31322617
US,4/13/21,31400665
US,4/14/21,31476281
US,4/15/21,31550254
US,4/16/21,31630485
US,4/17/21,31683828
US,4/18/21,31726398
US,4/19/21,31793549
US,4/20/21,31854301
US,4/21/21,31918092
US,4/22/21,31984574
US,4/23/21,32047655
US,4/24/21,32101294
US,4/25/21,32134273
US,4/26/21,32180743
US,4/27/21,32231193
US,4/28/21,32286450
US,4/29/21,32344947
US,4/30/21,32403038
US,5/1/21,32449270
US,5/2/21,32479015
US,5/3/21,32528554
US,5/4/21,32568638
US,5/5/21,32613860
US,5/6/21,32661641
US,5/7/21,32709256
US,5/8/21,32743496
US,5/9/21,32765363
US,5/10/21,32801173
US,5/11/21,32834768
US,5/12/21,32870682
US,5/13/21,32909621
US,5/14/21,32951232
US,5/15/21,32980577
US,5/16/21,32997803
US,5/17/21,33026174
US,5/18/21,33053593
US,5/19/21,33082873
US,5/20/21,33113045
US,5/21/21,33141212
US,5/22/21,33161647
US,5/23/21,33174963
US,5/24/21,33199963
US,5/25/21,33222598
US,5/26/21,33246961
US,5/27/21,33274300
US,5/28/21,33296040
US,5/29/21,33308507
US,5/30/21,33315432
US,5/31/21,33321339
US,6/1/21,33343457
US,6/2/21,33360383
US,6/3/21,33379573
US,6/4/21,33396482
US,6/5/21,33410818
US,6/6/21,33416490
US,6/7/21,33431598
US,6/8/21,33444432
US,6/9/21,33463334
US,6/10/21,33477757
US,6/11/21,33502493
US,6/12/21,33511179
US,6/13/21,33516336
US,6/14/21,33528696
US,6/15/21,33539531
US,6/16/21,33552085
US,6/17/21,33562701
US,6/18/21,33583900
US,6/19/21,33592391
US,6/20/21,33596844
US,6/21/21,33608514
US,6/22/21,33619249
US,6/23/21,33632245
US,6/24/21,33646022
US,6/25/21,33670281
US,6/26/21,33678926
US,6/27/21,33683177
US,6/28/21,33697763
US,6/29/21,33704453
US,6/30/21,33720706
US,7/1/21,33735145
US,7/2/21,33764564
US,7/3/21,33769190
US,7/4/21,33772947
US,7/5/21,33781577
US,7/6/21,33804617
US,7/7/21,33827571
US,7/8/21,33846692
US,7/9/21,33894318
US,7/10/21,33902620
US,7/11/21,33913413
US,7/12/21,33947062
US,7/13/21,33973297
US,7/14/21,34006036
US,7/15/21,34036018
US,7/16/21,34113909
US,7/17/21,34125631
US,7/18/21,34144867
US,7/19/21,34195941
US,7/20/21,34237700
US,7/21/21,34288084
US,7/22/21,34342818
US,7/23/21,34463204
US,7/24/21,34488217
US,7/25/21,34512327
US,7/26/21,34599280
US,7/27/21,34667693
US,7/28/21,34736785
US,7/29/21,34816304
US,7/30/21,35005439
US,7/31/21,35037721
US,8/1/21,35079157
US,8/2/21,35199884
US,8/3/21,35302630
US,8/4/21,35399460
US,8/5/21,35510108
US,8/6/21,35765158
US,8/7/21,35813887
US,8/8/21,35840427
US,8/9/21,36021651
US,8/10/21,36142600
US,8/11/21,36298622
US,8/12/21,36440576
US,8/13/21,36670333
US,8/14/21,36719217
US,8/15/21,36760938
US,8/16/21,36980988
US,8/17/21,37133106
US,8/18/21,37291734
US,8/19/21,37448801
US,8/20/21,37694391
US,8/21/21,37760319
US,8/22/21,37796276
US,8/23/21,38034278
US,8/24/21,38190953
US,8/25/21,38360617
US,8/26/21,38545055
US,8/27/21,38788031
US,8/28/21,38848628
US,8/29/21,38890744
US,8/30/21,39150680
US,8/31/21,39321525
US,9/1/21,39523397
US,9/2/21,39699170
US,9/3/21,39933905
US,9/4/21,39998223
US,9/5/21,40038313
US,9/6/21,40113317
US,9/7/21,40389635
US,9/8/21,40571168
US,9/9/21,40730412
US,9/10/21,40957627
US,9/11/21,41021592
US,9/12/21,41057176
US,9/13/21,41317328
US,9/14/21,41461662
US,9/15/21,41627946
US,9/16/21,41785903
US,9/17/21,41993789
US,9/18/21,42050638
US,9/19/21,42087432