Country/Region,Lat,Long,1/22/20,1/23/20,1/24/20,1/25/20,1/26/20,1/27/20,1/28/20,1/29/20,1/30/20,1/31/20,02/01/2020,02/02/2020,02/03/2020,02/04/2020,02/05/2020,02/06/2020,02/07/2020,02/08/2020,02/09/2020,02/10/2020,02/11/2020,02/12/2020,2/13/20,2/14/20,2/15/20,2/16/20,2/17/20,2/18/20,2/19/20,2/20/20,2/21/20,2/22/20,2/23/20,2/24/20,2/25/20,2/26/20,2/27/20,2/28/20,2/29/20,03/01/2020,03/02/2020,03/03/2020,03/04/2020,03/05/2020,03/06/2020,03/07/2020,03/08/2020,03/09/2020,03/10/2020,03/11/2020,03/12/2020,3/13/20,3/14/20,3/15/20,3/16/20,3/17/20,3/18/20,3/19/20,3/20/20,3/21/20,3/22/20,3/23/20,3/24/20,3/25/20,3/26/20,3/27/20,3/28/20,3/29/20,3/30/20,3/31/20,04/01/2020,04/02/2020,04/03/2020,04/04/2020,04/05/2020,04/06/2020,04/07/2020,04/08/2020,04/09/2020,04/10/2020,04/11/2020,04/12/2020,4/13/20,4/14/20,4/15/20,4/16/20,4/17/20,4/18/20,4/19/20,4/20/20,4/21/20,4/22/20,4/23/20,4/24/20,4/25/20,4/26/20,4/27/20,4/28/20,4/29/20,4/30/20,05/01/2020,05/02/2020,05/03/2020,05/04/2020,05/05/2020,05/06/2020,05/07/2020,05/08/2020,05/09/2020,05/10/2020,05/11/2020,05/12/2020,5/13/20,5/14/20,5/15/20,5/16/20,5/17/20,5/18/20,5/19/20,5/20/20,5/21/20,5/22/20,5/23/20,5/24/20,5/25/20,5/26/20,5/27/20,5/28/20,5/29/20,5/30/20,5/31/20,06/01/2020,06/02/2020,06/03/2020,06/04/2020,06/05/2020,06/06/2020,06/07/2020,06/08/2020,06/09/2020,06/10/2020,06/11/2020,06/12/2020,6/13/20,6/14/20,6/15/20,6/16/20,6/17/20,6/18/20,6/19/20,6/20/20,6/21/20,6/22/20,6/23/20,6/24/20,6/25/20,6/26/20,6/27/20,6/28/20,6/29/20,6/30/20,07/01/2020,07/02/2020,07/03/2020,07/04/2020,07/05/2020,07/06/2020,07/07/2020,07/08/2020,07/09/2020,07/10/2020,07/11/2020,07/12/2020,7/13/20,7/14/20,7/15/20,7/16/20,7/17/20,7/18/20,7/19/20,7/20/20,7/21/20,7/22/20,7/23/20,7/24/20,7/25/20,7/26/20,7/27/20,7/28/20,7/29/20,7/30/20,7/31/20,08/01/2020,08/02/2020,08/03/2020,08/04/2020,08/05/2020,08/06/2020,08/07/2020,08/08/2020,08/09/2020,08/10/2020,08/11/2020,08/12/2020,8/13/20,8/14/20,8/15/20,8/16/20,8/17/20,8/18/20,8/19/20,8/20/20,8/21/20,8/22/20,8/23/20,8/24/20,8/25/20,8/26/20,8/27/20,8/28/20,8/29/20,8/30/20,8/31/20,09/01/2020,09/02/2020,09/03/2020,09/04/2020,09/05/2020,09/06/2020,09/07/2020,09/08/2020,09/09/2020,09/10/2020,09/11/2020,09/12/2020,9/13/20,9/14/20,9/15/20,9/16/20,9/17/20,9/18/20,9/19/20,9/20/20,9/21/20,9/22/20,9/23/20,9/24/20,9/25/20,9/26/20,9/27/20,9/28/20,9/29/20,9/30/20,10/01/2020,10/02/2020,10/03/2020,10/04/2020,10/05/2020,10/06/2020,10/07/2020,10/08/2020,10/09/2020,10/10/2020,10/11/2020,10/12/2020,10/13/20,10/14/20,10/15/20,10/16/20,10/17/20,10/18/20,10/19/20,10/20/20,10/21/20,10/22/20,10/23/20,10/24/20,10/25/20,10/26/20,10/27/20,10/28/20,10/29/20,10/30/20,10/31/20,11/01/2020,11/02/2020,11/03/2020,11/04/2020,11/05/2020,11/06/2020,11/07/2020,11/08/2020,11/09/2020,11/10/2020,11/11/2020,11/12/2020,11/13/20,11/14/20,11/15/20,11/16/20,11/17/20,11/18/20,11/19/20,11/20/20,11/21/20,11/22/20,11/23/20,11/24/20,11/25/20,11/26/20,11/27/20,11/28/20,11/29/20,11/30/20,12/01/2020,12/02/2020,12/03/2020,12/04/2020,12/05/2020,12/06/2020,12/07/2020,12/08/2020,12/09/2020,12/10/2020,12/11/2020,12/12/2020,12/13/20,12/14/20,12/15/20,12/16/20,12/17/20,12/18/20,12/19/20,12/20/20,12/21/20,12/22/20,12/23/20,12/24/20,12/25/20,12/26/20,12/27/20,12/28/20,12/29/20,12/30/20,12/31/20,01/01/2021,01/02/2021,01/03/2021,01/04/2021,01/05/2021,01/06/2021,01/07/2021,01/08/2021,01/09/2021,01/10/2021,01/11/2021,01/12/2021,1/13/21,1/14/21,1/15/21,1/16/21,1/17/21,1/18/21,1/19/21,1/20/21,1/21/21,1/22/21,1/23/21,1/24/21,1/25/21,1/26/21,1/27/21,1/28/21,1/29/21,1/30/21,1/31/21,02/01/2021,02/02/2021,02/03/2021,02/04/2021,02/05/2021,02/06/2021,02/07/2021,02/08/2021,02/09/2021,02/10/2021,02/11/2021,02/12/2021,2/13/21,2/14/21,2/15/21,2/16/21,2/17/21,2/18/21,2/19/21,2/20/21,2/21/21,2/22/21,2/23/21,2/24/21,2/25/21,2/26/21,2/27/21,2/28/21,03/01/2021,03/02/2021,03/03/2021,03/04/2021,03/05/2021,03/06/2021,03/07/2021,03/08/2021,03/09/2021,03/10/2021,03/11/2021,03/12/2021,3/13/21,3/14/21,3/15/21,3/16/21,3/17/21,3/18/21,3/19/21,3/20/21,3/21/21,3/22/21,3/23/21,3/24/21,3/25/21,3/26/21,3/27/21,3/28/21,3/29/21,3/30/21,3/31/21,04/01/2021,04/02/2021,04/03/2021,04/04/2021,04/05/2021,04/06/2021,04/07/2021,04/08/2021,04/09/2021,04/10/2021,04/11/2021,04/12/2021,4/13/21,4/14/21,4/15/21,4/16/21,4/17/21,4/18/21,4/19/21,4/20/21,4/21/21,4/22/21,4/23/21,4/24/21,4/25/21,4/26/21,4/27/21,4/28/21,4/29/21,4/30/21,05/01/2021,05/02/2021,05/03/2021,05/04/2021,05/05/2021,05/06/2021,05/07/2021,05/08/2021,05/09/2021,05/10/2021,05/11/2021,05/12/2021,5/13/21,5/14/21,5/15/21,5/16/21,5/17/21,5/18/21,5/19/21,5/20/21,5/21/21,5/22/21,5/23/21,5/24/21,5/25/21,5/26/21,5/27/21,5/28/21,5/29/21,5/30/21,5/31/21,06/01/2021,06/02/2021,06/03/2021,06/04/2021,06/05/2021,06/06/2021,06/07/2021,06/08/2021,06/09/2021,06/10/2021,06/11/2021,06/12/2021,6/13/21,6/14/21,6/15/21,6/16/21,6/17/21,6/18/21,6/19/21,6/20/21,6/21/21,6/22/21,6/23/21,6/24/21,6/25/21,6/26/21,6/27/21,6/28/21,6/29/21,6/30/21,07/01/2021,07/02/2021,07/03/2021,07/04/2021,07/05/2021,07/06/2021,07/07/2021,07/08/2021,07/09/2021,07/10/2021,07/11/2021,07/12/2021,7/13/21,7/14/21,7/15/21,7/16/21,7/17/21,7/18/21,7/19/21,7/20/21,7/21/21,7/22/21,7/23/21,7/24/21,7/25/21,7/26/21,7/27/21,7/28/21,7/29/21,7/30/21,7/31/21,08/01/2021,08/02/2021,08/03/2021,08/04/2021,08/05/2021,08/06/2021,08/07/2021,08/08/2021,08/09/2021,08/10/2021,08/11/2021,08/12/2021,8/13/21,8/14/21,8/15/21,8/16/21,8/17/21,8/18/21,8/19/21,8/20/21,8/21/21,8/22/21,8/23/21,8/24/21,8/25/21,8/26/21,8/27/21,8/28/21,8/29/21,8/30/21,8/31/21,09/01/2021,09/02/2021,09/03/2021,09/04/2021,09/05/2021,09/06/2021,09/07/2021,09/08/2021,09/09/2021,09/10/2021,09/11/2021,09/12/2021,9/13/21,9/14/21,9/15/21,9/16/21,9/17/21,9/18/21,9/19/21,9/20/21,9/21/21,9/22/21,9/23/21,9/24/21,9/25/21,9/26/21,9/27/21,9/28/21,9/29/21,9/30/21,10/01/2021,10/02/2021,10/03/2021,10/04/2021,10/05/2021,10/06/2021,10/07/2021,10/08/2021,10/09/2021,10/10/2021,10/11/2021,10/12/2021,10/13/21,10/14/21,10/15/21,10/16/21,10/17/21,10/18/21,10/19/21,10/20/21,10/21/21,10/22/21,10/23/21,10/24/21,10/25/21,10/26/21,10/27/21,10/28/21,10/29/21,10/30/21,10/31/21,11/01/2021,11/02/2021,11/03/2021,11/04/2021,11/05/2021,11/06/2021
Afghanistan,33.93911,67.709953,0,0,0,0,0,0,0,0,0,0,0,0,0,0,0,0,0,0,0,0,0,0,0,0,0,0,0,0,0,0,0,0,0,0,0,0,0,0,0,0,0,0,0,0,0,0,0,0,0,0,0,0,0,0,1,1,1,1,1,1,1,1,1,2,2,2,2,2,2,5,5,10,10,10,15,18,18,29,32,32,32,32,32,40,43,54,99,112,131,135,150,166,179,188,188,207,220,228,252,260,310,331,345,397,421,458,468,472,502,558,558,610,648,691,745,745,778,801,850,930,938,996,1040,1075,1097,1128,1138,1209,1259,1303,1328,1428,1450,1522,1585,1762,1830,1875,2171,2651,3013,3326,3928,4201,4725,5164,5508,6158,7660,7962,8292,8764,8841,9260,9869,10174,10306,10674,12604,13934,14131,15651,16041,17331,19164,19366,20103,20179,20700,20847,20882,21135,21216,21254,21454,22456,22824,23151,23273,23634,23741,23741,23924,24550,24602,24793,25180,25198,25358,25389,25471,25509,25509,25510,25669,25669,25742,25840,25903,25960,25960,26228,26415,26694,26714,26714,27166,27166,27166,27166,27166,27681,28016,28016,28180,28360,28440,29042,29046,29059,29063,29089,29089,29231,29315,29390,29713,30082,30537,30557,30715,31048,31129,31154,31234,31638,32073,32098,32503,32505,32576,32576,32576,32576,32576,32610,32619,32619,32635,32642,32642,32746,32789,32842,32842,32842,32852,32879,32977,33045,33058,33058,33064,33114,33118,33308,33354,33447,33516,33561,33614,33760,33790,33824,33831,34010,34023,34129,34150,34217,34237,34239,34258,34321,34326,34342,34355,34362,34440,34440,34446,34458,34721,34954,34967,35024,35036,35067,35092,35137,35160,35295,35350,35370,35422,35934,35976,36122,36145,36232,36295,36709,36716,36831,36946,37218,37260,37260,37393,37685,37879,37920,38032,38099,38141,38200,38250,38252,38336,38475,38505,38540,38613,39006,39508,39585,39692,40359,40444,40784,41096,41441,41543,41612,41727,41727,41727,41727,42530,42666,42666,43291,43440,43740,43948,44137,44608,44850,45298,45434,45465,45868,46359,46554,46759,46887,46912,46943,47298,47365,47459,47549,47583,47606,47609,47679,47723,47798,47982,47995,48018,48027,48041,48042,48109,48133,48279,48390,48392,48395,48433,48514,48626,48798,48803,48820,48834,48895,48967,49086,49281,49285,49288,49333,49344,49347,49359,49362,49362,49369,49378,49402,49409,49499,49499,49499,49471,49477,49481,49499,49536,49664,49681,49681,49737,49743,49752,49802,49937,49994,49994,50013,50666,51473,51550,51788,51798,51802,51885,51902,51928,51940,51956,51961,51962,51989,52005,52013,52022,52083,52105,52116,52168,52244,52272,52301,52348,52363,52392,52489,52520,52794,52974,53103,53206,53272,53391,53391,53694,53750,53961,54019,54040,54222,54382,54503,54534,54619,54634,54663,54686,55010,55118,55529,55687,55790,55889,56035,56295,56518,56711,56962,57119,57281,57450,57629,57741,57963,58070,58144,58265,58622,58998,59569,59871,60280,60598,60939,61410,61706,61820,62397,62698,63426,63875,64401,65071,65565,66102,66799,67183,67483,68288,69205,70016,71012,71924,72700,73635,74480,75314,76218,77280,78521,79446,80226,81077,82586,82586,82586,82586,82586,82586,82586,82586,82586,82586,82586,82586,82586,82586,82586,82586,82586,82586,82586,82586,82586,82586,82586,82586,0,0,0,0,0,0,0,0,0,0,0,0,0,0,0,0,0,0,0,0,0,0,0,0,0,0,0,0,0,0,0,0,0,0,0,0,0,0,0,0,0,0,0,0,0,0,0,0,0,0,0,0,0,0,0,0,0,0,0,0,0,0,0,0,0,0,0,0,0,0,0,0,0,0,0,0,0,0,0,0,0,0,0,0,0,0,0,0,0,0,0,0,0,0
Iran,32.427908,53.688046,0,0,0,0,0,0,0,0,0,0,0,0,0,0,0,0,0,0,0,0,0,0,0,0,0,0,0,0,0,0,0,0,0,0,0,49,49,73,123,175,291,291,552,739,913,1669,2134,2394,2731,2959,2959,2959,2959,4590,4590,5389,5389,5710,6745,7635,7931,7931,8913,9625,10457,11133,11679,12391,13911,14656,15473,16711,17935,19736,19736,24236,27039,29812,32309,35465,41947,43894,45983,48129,49933,52229,54064,55987,57023,59273,60965,63113,64843,66599,68193,69657,70933,72439,73791,75103,76318,77350,78422,79379,80475,81587,82744,83837,85064,86143,87422,88357,89428,90539,91836,93147,94464,95661,97173,98808,100564,102276,104072,105801,107713,109437,111176,112988,114931,116827,118848,121004,123077,125206,127485,129741,132038,134349,136360,138457,140590,142663,144649,146748,148674,150590,152675,154812,156991,159192,161384,163591,166427,169160,172096,175103,177852,180661,183310,186180,188758,191487,194098,196446,198949,201330,204083,207000,209463,212176,215015,217666,219993,222539,225270,227561,230608,232873,235300,237788,240087,242351,244840,247230,249212,251319,253213,255144,257019,259116,261200,263519,265830,268102,270228,272535,274932,277463,279724,282122,284371,286642,288620,290244,292058,293811,295630,297486,299157,300881,302528,304236,305866,307702,309464,311365,313058,314870,316638,318270,319847,321421,323233,325124,326801,328595,330308,332131,333900,335572,337414,339111,340842,342539,344516,346242,348013,349984,352019,353848,355505,357632,359570,361523,363737,365846,367829,369842,372051,374170,376531,378727,380956,383368,385264,387675,389966,392293,394800,397109,399300,401379,403950,406389,409121,411840,414831,418054,420910,423921,427400,431360,434676,438709,442674,446685,450891,455054,459250,463611,467917,472598,477300,481930,486691,491247,495473,500400,505287,509952,515153,520329,525641,530694,536105,541566,546642,552747,558818,564699,570774,576983,583704,589025,596136,603445,610406,617715,625606,633275,640065,648831,658292,668151,677963,688054,699315,708106,719708,730798,742955,754224,765639,778167,787853,800853,812270,823231,833276,844430,856513,865474,875943,885054,894366,903998,914194,924685,933736,942548,951860,960751,969408,978714,988833,995570,1004326,1013018,1020737,1029028,1040521,1050553,1058654,1067466,1074887,1081736,1088465,1094388,1101599,1107011,1113224,1119137,1125499,1131883,1137812,1144549,1151676,1158475,1164794,1171070,1177367,1183463,1189975,1196374,1202893,1210051,1216305,1223197,1229391,1235581,1241320,1247374,1253554,1260045,1266518,1272287,1278857,1285014,1291726,1298023,1304330,1310821,1317612,1324231,1331162,1337877,1344791,1351390,1358541,1365253,1372308,1379922,1386534,1393125,1399934,1406845,1413717,1420958,1428008,1435357,1442198,1449350,1456759,1464268,1471179,1477588,1485179,1492488,1499301,1506360,1514061,1521377,1528694,1536606,1543119,1549649,1555766,1562709,1569697,1577408,1585114,1593219,1600488,1608807,1617333,1626144,1633949,1642418,1650569,1658978,1667079,1675891,1684570,1693005,1702062,1710974,1720084,1729293,1739002,1749041,1761497,1772688,1785358,1797319,1810531,1823958,1837590,1850791,1863405,1877517,1892229,1907190,1923081,1938064,1954321,1971064,1988165,2004949,2022586,2039427,2057692,2074089,2092381,2109702,2127192,2144197,2162087,2179890,2196197,2210851,2226122,2242023,2258046,2272719,2290613,2304824,2319746,2333789,2347752,2362428,2379139,2396540,2410252,2425033,2441528,2458684,2477596,2494108,2508907,2522702,2537092,2552401,2565972,2578263,2590682,2612091,2624802,2640281,2652792,2666601,2683210,2696434,2708743,2722612,2736013,2748320,2760229,2771705,2784014,2797105,2809595,2822704,2835633,2848042,2862261,2876828,2889939,2902140,2914830,2926266,2940874,2953586,2967821,2981019,2995195,3010090,3025911,3041541,3056160,3069943,3086017,3101618,3118349,3135060,3152653,3168834,3185946,3204136,3220445,3239172,3256856,3274346,3291979,3310163,3329065,3348363,3367272,3385195,3404533,3424650,3444798,0,0,0,0,0,0,0,0,0,0,0,0,0,0,0,0,0,0,0,0,0,0,0,0,0,0,0,0,0,0,0,0,0,0,0,0,0,0,0,0,0,0,0,0,0,0,0,0,0,0,0,0,0,0,0,0,0,0,0,0,0,0,0,0,0,0,0,0,0,0,0,0,0,0,0,0,0,0,0,0,0,0,0,0,0,0,0,0,0,0,0,0,0,0
India,20.593684,78.96288,0,0,0,0,0,0,0,0,0,0,0,0,0,0,0,0,0,0,0,0,0,0,0,0,0,3,3,3,3,3,3,3,3,3,3,3,3,3,3,3,3,3,3,3,3,3,3,3,4,4,4,4,4,13,13,14,14,15,20,23,27,27,40,43,45,73,84,95,102,123,148,191,192,229,229,375,421,506,620,774,969,1080,1181,1359,1432,1768,2041,2463,2854,3273,3975,4370,5012,5498,5939,6523,7137,7747,8437,9068,10007,10819,11775,12847,14142,15331,16776,17887,19301,20969,22549,24420,26400,27969,30258,34224,36795,39233,42309,45422,48553,51824,54385,57692,60706,64277,67749,70920,82627,86936,91852,95754,100285,104071,108450,113233,118695,123848,129095,134670,135206,147195,154330,162379,169798,180013,186935,194325,204711,213831,227728,237196,248190,258685,271697,285637,295881,309713,321723,334822,347912,359860,379892,394227,409083,424433,439934,456831,476378,495513,515386,534618,553471,571460,592032,612768,635757,653751,677423,700087,724578,753050,782607,817209,849432,885573,917568,951166,988029,1019735,1055348,1094374,1145629,1186203,1230509,1282215,1328336,1378105,1427005,1480884,1535743,1583489,1639599,1695982,1751555,1808936,1862258,1919842,1977671,2037816,2096664,2158946,2222577,2280566,2338035,2404585,2458339,2523771,2583948,2648998,2713933,2774801,2839882,2901908,2970492,3037151,3107223,3180865,3250429,3323950,3398844,3471783,3542663,3624196,3702595,3780107,3859399,3942360,4025079,4112551,4208431,4303043,4396399,4497867,4587613,4674987,4756164,4849584,4941627,5016520,5101397,5187825,5273201,5352078,5427706,5509966,5586703,5662490,5744693,5827704,5906069,5988822,6077976,6149535,6227295,6301927,6383441,6453779,6524595,6597209,6663608,6733328,6795103,6874518,6948497,7016046,7078123,7137228,7201070,7259509,7315989,7373375,7432829,7491513,7544798,7603121,7656478,7711809,7765966,7819886,7868968,7917373,7959406,8013783,8066501,8115580,8163572,8205728,8249579,8290370,8335109,8383602,8428409,8478124,8521617,8562641,8604955,8642771,8679138,8718517,8759969,8802267,8847600,8889585,8932647,8973373,9016289,9058822,9100792,9139901,9178946,9215581,9253306,9290809,9324328,9357464,9388159,9422636,9456449,9489740,9520827,9550712,9580402,9606111,9636487,9663382,9693173,9717834,9740108,9761538,9782669,9807569,9834141,9860280,9883461,9929568,9927310,9946867,9975958,9997272,10016859,10037398,10037398,10075950,10092909,10111294,10129111,10146763,10162738,10179715,10196885,10211342,10228753,10245741,10265706,10283702,10300838,10316786,10330084,10345985,10359305,10373606,10394352,10409146,10423109,10434983,10448406,10462631,10480455,10496308,10510796,10522601,10534505,10548521,10561608,10573372,10589230,10600625,10611731,10621220,10633025,10644858,10656845,10667741,10678048,10689715,10699410,10712665,10726702,10738501,10750680,10763451,10775169,10786452,10798921,10812044,10826075,10839894,10854126,10868520,10882798,10899394,10920046,10938146,10953303,10973260,10989897,11007352,11027543,11045284,11063025,11083679,11107332,11130288,11151468,11181253,11205160,11231650,11264637,11295023,11323762,11355993,11393021,11434301,11474683,11525039,11569241,11629289,11682136,11732279,11792135,11851393,11913292,11990859,12081443,12156529,12253697,12336036,12429564,12547866,12671220,12809638,12953817,13108565,13276039,13454880,13648159,13867997,14085110,14304382,14556089,14817240,15086740,15384418,15684406,15992271,16292725,16613292,16951521,17280844,17612351,17930960,18317364,18671222,19027304,19382642,19734823,20079599,20432898,20795335,21174076,21596512,21986363,22355440,22712735,23070365,23425467,23728011,24054861,24350816,24633951,24893410,25178011,25454320,25692342,25947629,26179085,26390584,26597655,26795549,26984781,27159180,27341462,27504126,27655493,27790073,27911384,28043446,28162947,28280472,28388100,28491670,28580647,28678390,28765738,28844199,28926038,28994855,29063740,29128267,29193085,29251029,29309607,29366601,29427330,29488918,29548302,29605779,29658078,29700430,29752294,29799534,29843825,29888284,29933538,29975064,30014713,30063720,30104659,30143850,30183876,30227792,30269796,30308456,30353710,30390687,30429339,30468079,30468079,30543138,30579106,30621469,30663147,30701612,30743972,30781263,30820521,30857467,30896354,30933022,30974748,0,0,0,0,0,0,0,0,0,0,0,0,0,0,0,0,0,0,0,0,0,0,0,0,0,0,0,0,0,0,0,0,0,0,0,0,0,0,0,0,0,0,0,0,0,0,0,0,0,0,0,0,0,0,0,0,0,0,0,0,0,0,0,0,0,0,0,0,0,0,0,0,0,0,0,0,0,0,0,0,0,0,0,0,0,0,0,0,0,0,0,0,0,0
Pakistan,30.3753,69.3451,0,0,0,0,0,0,0,0,0,0,0,0,0,0,0,0,0,0,0,0,0,0,0,0,0,0,0,0,0,0,0,0,0,0,0,0,0,0,0,0,0,0,0,0,0,1,1,1,2,2,2,2,2,2,2,2,13,13,13,5,5,18,21,21,23,29,29,76,76,94,125,126,131,211,259,429,467,572,727,762,1028,1095,1378,1446,1645,1765,1832,1868,1970,2073,2156,2527,2755,2866,2936,3029,3233,3425,4315,4715,4817,5114,5635,5801,6464,6464,7530,7809,8063,8555,8812,8899,9695,10880,10880,11341,11922,12489,13101,14155,15201,16653,17198,17482,18314,19142,20231,22305,24131,25271,26083,27110,28923,30128,31198,32581,33465,34355,35018,36308,36308,40247,40247,50056,53721,56390,58437,59215,61383,63504,67892,71458,73471,77754,81307,84168,86906,92624,95407,98503,100802,104694,113623,113623,125094,131649,134957,140965,145311,149092,153134,156700,161917,170656,172810,178737,178737,198509,204276,205929,208030,210468,213175,219783,236596,237434,237434,241026,242436,244883,246131,247177,247177,248577,249397,249397,254286,256058,258099,259604,260248,260764,261246,263193,264060,265215,265624,269087,269087,269989,272128,272804,273579,275317,276829,276829,278425,278939,279561,279937,280340,280547,280682,280970,281925,282268,282553,282553,286016,286157,286506,287658,288206,288536,289429,289806,290261,290760,291169,291683,292044,292303,292869,293159,293916,294392,294740,295333,295613,296022,296340,296881,297497,298055,298593,298968,298968,300616,301288,302375,302708,303062,303458,304185,304609,305080,305395,305835,306640,307069,307409,308010,308674,309136,309646,310101,310491,311075,311440,311814,312638,313527,314066,314555,315016,315446,316060,316665,317086,317898,318417,318881,319431,320065,320849,321563,322414,323225,323824,324834,325788,326674,327542,328931,329828,330885,331760,332974,334392,335881,337553,339810,341423,343286,345365,346951,350305,352529,355012,356542,370474,372271,374301,379092,381208,383000,384719,386333,388598,396591,399852,404501,407405,409085,410937,415352,417134,418958,420489,422132,423892,425494,430113,435073,437229,438974,440660,442457,444360,448393,450515,453828,455445,456969,458371,461977,464950,467234,469306,472099,473639,475228,476471,478517,480696,482771,484508,486489,488903,490126,492207,494578,496745,498152,499974,501252,502537,504046,505818,507502,508700,510242,511502,512943,514951,516683,518164,523700,525087,525997,525997,528545,530597,531840,533202,534107,535491,536243,538207,539888,542393,544406,545277,546371,547406,554255,555242,556769,558210,559248,560458,563823,565216,566492,568065,569296,570571,571878,573014,575867,577501,578314,579760,581852,583538,585271,586228,588975,591145,593282,595929,598197,600278,603126,605274,607205,609691,613058,615960,618158,620789,623399,625789,627561,631700,634835,638267,641912,646652,650775,654956,659483,662845,667131,672619,676605,682290,686488,689812,694046,699816,704494,708193,711465,717009,722202,728044,733062,733062,738727,747755,752712,757281,762105,766492,771692,776315,780438,783480,788768,792522,795511,799951,804122,810143,813855,817681,820374,823157,827843,831744,834566,836702,839322,841241,844638,848685,852574,856005,860385,863111,864931,867447,869691,871669,873543,875581,877191,878740,880316,882332,887095,888505,889787,889787,893148,894352,895690,896821,897834,898944,900291,901201,901985,903484,904320,905430,906387,907284,907934,908648,909525,910609,911383,912295,913203,913873,914605,915343,916373,917329,918329,919163,920066,921095,922034,922929,923472,923472,925958,927599,928722,935742,937354,938843,940164,941659,943020,944375,945829,952616,0,0,0,0,0,0,0,0,0,0,0,0,0,0,0,0,0,0,0,0,0,0,0,0,0,0,0,0,0,0,0,0,0,0,0,0,0,0,0,0,0,0,0,0,0,0,0,0,0,0,0,0,0,0,0,0,0,0,0,0,0,0,0,0,0,0,0,0,0,0,0,0,0,0,0,0,0,0,0,0,0,0,0,0,0,0,0,0,0,0,0,0,0,0
United Kingdom,55.3781,-3.436,0,0,0,0,0,0,0,0,0,0,0,0,0,0,0,0,0,0,0,0,0,1,1,1,1,8,8,8,8,8,8,8,8,8,8,8,8,8,8,8,8,8,8,8,8,18,18,18,18,18,18,18,18,18,20,52,65,65,65,65,65,65,135,135,135,135,135,135,135,135,135,135,135,135,135,135,135,135,135,344,344,344,0,0,0,0,0,0,0,0,0,0,0,0,0,0,0,0,0,0,0,0,0,0,0,0,0,0,0,0,0,0,0,0,0,0,0,0,0,0,0,0,0,0,0,0,0,0,0,0,0,0,0,0,0,0,0,0,0,0,0,0,0,0,0,0,0,0,0,0,0,0,0,0,0,0,0,0,0,0,0,0,0,0,0,0,0,0,0,0,0,0,0,0,0,0,0,0,0,0,0,0,0,0,0,0,0,0,0,0,0,0,0,0,0,0,0,0,0,0,0,0,0,0,0,0,0,0,0,0,0,0,0,0,0,0,0,0,0,0,0,0,0,0,0,0,0,0,0,0,0,0,0,0,0,0,0,0,0,0,0,0,0,0,0,0,0,0,0,0,0,0,0,0,0,0,0,0,0,0,0,0,0,0,0,0,0,0,0,0,0,0,0,0,0,0,0,0,0,0,0,0,0,0,0,0,0,0,0,0,0,0,0,0,0,0,0,0,0,0,0,0,0,0,0,0,0,0,0,0,0,0,0,0,0,0,0,0,0,0,0,0,0,0,0,0,0,0,0,0,0,0,0,0,0,0,0,0,0,0,0,0,0,0,0,0,0,0,0,0,0,0,0,0,0,0,0,0,0,0,0,0,0,0,0,0,0,0,0,0,0,0,0,0,0,0,0,0,0,0,0,0,0,0,0,0,0,0,0,0,0,0,0,0,0,0,0,0,0,0,0,0,0,0,0,0,0,0,0,0,0,0,0,0,0,0,0,0,0,0,0,0,0,0,0,0,0,0,0,0,0,0,0,0,0,0,0,0,0,0,0,0,0,0,0,0,0,0,0,0,0,0,0,0,0,0,0,0,0,0,0,0,0,0,0,0,0,0,0,0,0,0,0,0,0,0,0,0,0,0,0,0,0,0,0,0,0,0,0,0,0,0,0,0,0,0,0,0,0,0,0,0,0,0,0,0,0,0,0,0,0,0,0,0,0,0,0,0,0,0,0,0,0,0,0,0,0,0,0,0,0,0,0,0,0,0,0,0,0,0,0,0,0,0,0,0,0,0,0,0,0,0,0,0,0,0,0,0,0,0,0,0,0,0,0,0,0,0,0,0,0,0,0,0,0,0,0,0,0,0,0,0,0,0,0,0,0,0,0,0,0,0,0,0,0,0,0,0,0,0,0,0,0,0,0,0,0,0,0,0,0,0,0,0,0,0,0,0,0,0,0,0,0,0,0,0,0,0,0,0,0,0,0,0,0,0,0,0,0,0,0,0,0,0,0,0,0,0,0,0,0,0,0,0,0
China,40.1824,116.4142,0,0,1,2,2,2,4,4,4,5,9,9,12,23,24,31,33,34,37,44,48,56,69,80,98,108,114,122,145,153,169,178,189,198,215,235,248,257,271,276,282,288,297,297,299,303,308,315,320,326,334,342,349,353,360,369,378,380,390,396,400,400,401,403,406,408,410,412,415,418,418,424,434,438,441,443,448,455,464,469,474,479,484,491,495,503,509,509,510,514,516,518,524,525,525,525,536,538,542,547,547,547,553,554,555,557,560,560,565,568,571,573,574,574,576,577,578,578,578,578,578,579,581,581,581,581,581,581,581,581,581,581,581,583,583,583,583,583,584,584,584,584,584,584,584,584,584,584,584,584,584,584,584,584,584,585,585,585,585,586,587,589,592,594,595,596,596,613,645,645,645,680,694,694,729,752,762,775,788,804,816,833,841,855,867,878,881,895,896,901,911,915,917,917,918,919,919,920,920,920,920,920,920,920,922,923,923,923,924,924,924,924,924,924,924,924,926,926,926,926,926,926,926,926,926,926,926,926,926,926,926,926,926,926,926,926,926,926,926,926,926,926,926,926,926,926,926,926,926,926,926,926,926,926,926,926,926,926,926,926,927,927,927,927,927,927,927,927,927,927,927,927,927,927,928,928,928,928,928,928,928,929,929,929,929,929,929,929,929,929,929,929,929,931,931,932,932,932,932,933,933,935,936,936,936,936,936,936,937,937,937,937,938,938,938,938,938,939,939,939,939,939,939,939,939,940,940,940,940,940,940,940,940,940,940,941,941,941,941,941,941,941,941,943,944,944,944,944,944,945,947,947,948,950,951,951,951,951,955,957,958,959,960,962,964,964,965,965,966,968,972,973,973,976,977,977,977,977,978,980,983,986,988,991,994,997,998,998,1001,1003,1004,1005,1011,1012,1012,1014,1016,1019,1020,1022,1022,1022,1022,1022,1024,1026,1027,1029,1029,1032,1033,1033,1033,1033,1033,1033,1034,1034,1034,1037,1037,1037,1037,1037,1037,1037,1037,1037,1037,1037,1037,1037,1037,1037,1037,1037,1037,1037,1037,1038,1038,1038,1038,1038,1038,1038,1038,1038,1038,1038,1038,1038,1038,1038,1038,1038,1038,1038,1038,1039,1039,1039,1039,1040,1041,1043,1043,1043,1045,1045,1045,1046,1046,1046,1046,1046,1046,1046,1046,1046,1046,1046,1046,1046,1046,1046,1046,1046,1046,1046,1046,1046,1046,1046,1046,1046,1046,1046,1046,1046,1046,1046,1046,1046,1047,1047,1048,1048,1048,1048,1048,1048,1048,1048,1048,1050,1051,1051,1051,1051,1052,1052,1054,1055,1055,1057,1057,1057,1058,1059,1060,1060,1060,1061,1061,1061,1062,1063,1063,1063,1063,1063,1064,1064,1064,1064,1065,1066,1066,1066,1066,1066,1066,1067,1067,1067,1067,1067,1067,1068,1068,0,0,0,0,0,0,0,0,0,0,0,0,0,0,0,0,0,0,0,0,0,0,0,0,0,0,0,0,0,0,0,0,0,0,0,0,0,0,0,0,0,0,0,0,0,0,0,0,0,0,0,0,0,0,0,0,0,0,0,0,0,0,0,0,0,0,0,0,0,0,0,0,0,0,0,0,0,0,0,0,0,0,0,0,0,0,0,0,0,0,0,0,0,0
Canada,56.1304,-106.3468,0,0,0,0,0,0,0,0,0,0,0,0,0,0,0,0,0,0,0,0,0,1,1,1,1,1,1,1,1,1,3,3,3,3,3,3,6,6,6,6,6,6,6,6,6,8,8,8,8,8,8,8,8,8,9,9,9,9,9,10,10,10,110,183,184,256,466,466,466,1592,1324,1735,2175,2577,3012,3256,3791,4154,5162,5855,6589,7123,7758,8210,8966,9698,10545,10964,11847,12543,13188,14454,14761,15149,16013,16883,18268,19231,20327,21424,22764,23814,24921,26030,27006,28184,29260,30239,31262,32109,33007,34055,35177,36104,36908,37832,38563,39251,40069,40793,41731,42608,43318,43998,44651,45352,46248,46961,47905,48517,49213,50091,50725,51506,52184,53074,54087,54675,55343,56117,57215,58131,59034,59851,60668,61466,61899,63280,63782,64318,64826,65249,65721,66135,66533,66869,67182,67445,67689,68698,69120,69397,69872,70232,70507,70772,71141,71418,71805,72095,72466,72784,72954,73381,73713,74067,74433,98281,98436,98564,98975,99248,99501,99937,100504,100765,100969,101447,101686,101992,102344,102906,103072,103201,103284,104058,104377,104678,105128,105255,105420,108050,108465,108829,109260,109657,109933,110202,110433,111092,111559,111811,112381,112621,112836,113449,113809,114220,114610,115029,115294,115460,116020,116432,116866,117277,117755,117968,118192,118386,119420,119789,120848,121537,121944,122266,123120,123777,124412,124984,125654,125984,126592,127684,128890,129850,130576,131709,132253,133204,134551,135765,137181,138548,139817,140711,142502,144653,146429,147814,149692,152046,153857,155901,156940,160223,162064,164154,166313,166444,169751,172406,174514,171405,173299,180626,181974,184194,187100,189350,191723,194105,196935,198952,200768,203128,206691,208815,210429,214441,216338,218279,221758,224912,226826,230429,234404,236870,240434,244699,248859,253089,257310,261754,265568,269137,274315,278191,281883,285672,291221,295475,299095,304595,309557,314529,319250,324802,329676,334375,344034,349629,355401,361020,367837,373898,378653,385021,391435,397217,403667,410988,416901,422175,429372,437458,444166,448119,448829,450669,461134,473200,482944,490229,493638,494437,497492,510595,523448,529580,537024,544047,551983,558594,565049,575152,582822,591131,599753,608322,614692,621857,629547,637132,644967,652246,659185,663552,670938,677636,684817,690369,695578,701306,706285,710699,718049,722002,726258,729768,726095,729371,732688,752390,756588,760476,763979,767170,769007,771956,774703,782150,785508,789108,792455,795451,798129,801678,805428,808449,811551,814559,816972,819420,823249,826172,829287,832084,834868,837730,839824,843901,846931,849784,852439,855849,858330,860779,864624,867542,870725,873615,876936,879517,882026,886109,889247,892201,895645,899230,902074,904909,909540,912684,918581,922632,924144,929085,930750,937403,945550,950990,956665,962451,967364,972153,979856,986199,992740,999374,1006819,1013533,1020054,1030214,1038181,1046969,1057653,1066739,1074073,1081040,1091032,1099133,1107448,1116894,1125237,1131494,1137041,1148593,1156625,1164426,1172437,1180131,1185870,1191480,1201850,1209322,1216611,1223096,1232005,1237776,1243121,1253009,1260105,1267075,1273440,1279849,1283944,1287785,1292891,1300280,1305046,1313603,1318719,1322602,1325932,1331521,1335777,1339517,1342878,1345844,1348019,1350278,1353705,1356098,1358565,1361024,1363175,1364946,1366469,1368941,1370779,1372542,1374236,1375709,1376908,1377881,1379852,1381123,1382406,1383379,1384222,1384925,1385414,1387528,1388529,1389487,1389557,1391197,1391557,1391882,1393150,1393753,1394356,1394861,1395702,1395951,1396217,1397111,1397565,1397993,1398302,1398654,1398940,1399230,1399812,1400194,1400461,1401177,1401704,1401834,1402035,1402588,1402964,1403323,1403628,1403960,1404107,1404244,1404327,1405529,1405971,0,0,0,0,0,0,0,0,0,0,0,0,0,0,0,0,0,0,0,0,0,0,0,0,0,0,0,0,0,0,0,0,0,0,0,0,0,0,0,0,0,0,0,0,0,0,0,0,0,0,0,0,0,0,0,0,0,0,0,0,0,0,0,0,0,0,0,0,0,0,0,0,0,0,0,0,0,0,0,0,0,0,0,0,0,0,0,0,0,0,0,0,0,0
Finland,61.92411,25.748151,0,0,0,0,0,0,0,0,0,0,0,0,0,0,0,0,0,0,0,0,0,1,1,1,1,1,1,1,1,1,1,1,1,1,1,1,1,1,1,1,1,1,1,1,1,1,1,1,1,1,1,1,1,10,10,10,10,10,10,10,10,10,10,10,10,10,10,10,10,10,10,300,300,300,300,300,300,300,300,300,300,300,300,300,300,1700,1700,1700,1700,2000,2000,2000,2000,2500,2500,2500,2500,2800,2800,3000,3000,3000,3000,3500,3500,3500,3500,4000,4000,4000,4000,4300,4300,4300,5000,5000,5000,5000,5000,4800,4800,4800,4800,4800,5100,5100,5100,5500,5500,5500,5500,5500,5500,5500,5800,5800,5800,5800,5800,5800,5800,6200,6200,6200,6200,6200,6200,6200,6200,6200,6200,6200,6400,6400,6600,6600,6600,6600,6600,6600,6600,6700,6700,6700,6700,6700,6700,6700,6800,6800,6800,6800,6800,6800,6800,6880,6880,6880,6880,6880,6880,6880,6920,6920,6920,6920,6920,6920,6920,6950,6950,6950,6950,6950,6950,6950,6980,6980,6980,6980,6980,6980,6980,7050,7050,7050,7050,7050,7050,7050,7100,7100,7100,7100,7100,7100,7100,7200,7200,7200,7200,7200,7200,7200,7350,7350,7350,7350,7350,7350,7350,7500,7500,7500,7500,7500,7500,7500,7700,7700,7700,7700,7700,7700,7700,7850,7850,7850,7850,7850,7850,7850,8100,8100,8100,8100,8100,8100,8100,8500,8500,8500,8500,8500,8500,8500,9100,9100,9100,9100,9100,9100,9100,9800,9800,9800,9800,9800,9800,9800,11300,11300,11300,11300,11300,11300,11300,12700,12700,12700,12700,12700,12700,12700,14000,14000,14000,14000,14000,14000,14000,15300,15300,15300,15300,15300,15300,15300,16800,16800,16800,16800,16800,16800,16800,18100,18100,18100,18100,18100,18100,18100,18100,20000,20000,20000,20000,20000,20000,22500,22500,22500,22500,22500,22500,22500,26000,26000,26000,26000,26000,26000,26000,29000,29000,29000,29000,29000,29000,31000,31000,31000,31000,31000,31000,31000,31000,31000,31000,31000,31000,31000,31000,31000,31000,31000,31000,31000,31000,31000,31000,31000,31000,31000,31000,31000,31000,31000,31000,31000,31000,31000,31000,31000,31000,31000,40000,40000,40000,40000,40000,40000,40000,40000,40000,40000,40000,40000,40000,40000,40000,40000,46000,46000,46000,46000,46000,46000,46000,46000,46000,46000,46000,46000,46000,46000,46000,46000,46000,46000,46000,46000,46000,46000,46000,46000,46000,46000,46000,46000,46000,46000,46000,46000,46000,46000,46000,46000,46000,46000,46000,46000,46000,46000,46000,46000,46000,46000,46000,46000,46000,46000,46000,46000,46000,46000,46000,46000,46000,46000,46000,46000,46000,46000,46000,46000,46000,46000,46000,46000,46000,46000,46000,46000,46000,46000,46000,46000,46000,46000,46000,46000,46000,46000,46000,46000,46000,46000,46000,46000,46000,46000,46000,46000,46000,46000,46000,46000,46000,46000,46000,46000,46000,46000,46000,46000,46000,46000,46000,46000,46000,46000,46000,46000,46000,46000,46000,46000,46000,46000,46000,46000,46000,46000,46000,46000,46000,46000,46000,46000,46000,46000,46000,46000,46000,46000,46000,46000,46000,46000,46000,46000,46000,46000,46000,46000,46000,46000,46000,46000,46000,46000,46000,46000,46000,46000,46000,46000,46000,46000,46000,0,0,0,0,0,0,0,0,0,0,0,0,0,0,0,0,0,0,0,0,0,0,0,0,0,0,0,0,0,0,0,0,0,0,0,0,0,0,0,0,0,0,0,0,0,0,0,0,0,0,0,0,0,0,0,0,0,0,0,0,0,0,0,0,0,0,0,0,0,0,0,0,0,0,0,0,0,0,0,0,0,0,0,0,0,0,0,0,0,0,0,0,0,0
Bangladesh,23.685,90.3563,0,0,0,0,0,0,0,0,0,0,0,0,0,0,0,0,0,0,0,0,0,0,0,0,0,0,0,0,0,0,0,0,0,0,0,0,0,0,0,0,0,0,0,0,0,0,0,0,0,0,0,0,0,0,2,3,3,3,3,3,3,3,5,7,11,11,15,15,19,25,25,25,26,30,33,33,33,33,33,33,36,39,42,42,49,49,58,66,75,85,87,92,108,112,113,122,131,139,150,160,174,177,1063,1209,1403,1403,1910,2101,2414,2650,2902,3147,3361,3361,3882,4117,4373,4585,4993,5207,5602,6190,6486,6901,7334,7579,7925,8425,9015,9375,9781,10597,11120,11590,12161,12804,13325,13903,14560,15337,15900,16747,17249,17828,18730,18731,36264,38189,40164,42945,43993,45077,46755,47635,49666,51495,53133,54318,55727,57780,59624,62108,66442,68048,70721,72625,76149,78102,80838,84544,86406,88034,93614,98317,103227,105523,106963,108725,110098,111642,113556,115397,117202,119208,120976,122090,123882,125683,127414,130292,132960,135136,136253,136839,137905,139860,141750,143824,145584,146604,148370,150437,151972,153089,154871,156623,157635,158950,160591,162825,165738,168991,172615,175567,179091,182875,186756,190183,193458,196836,198863,201907,204887,208177,211016,213980,216191,217852,221275,224573,227809,230804,233550,236024,238271,240643,243155,245594,247969,250412,252335,254386,256565,258717,260790,262953,265092,267024,268777,270491,272073,273698,275487,277078,278627,280069,281656,283182,284833,286631,288316,289912,291365,292860,294391,295873,297449,299229,300738,302298,303972,305599,307141,308845,310532,312065,313563,315107,316600,318123,319733,321281,322703,324145,325940,327901,329787,331697,333588,335027,336568,338145,339768,341416,343131,344868,346387,347849,349542,351146,352895,354788,356722,358431,360352,362428,364611,366877,369179,371453,373676,375885,378172,380711,383224,385786,388379,390951,393408,395960,398623,401194,405966,410452,414318,417503,420896,423845,426729,429351,431590,433614,435601,437527,439694,441929,444345,446690,448803,450488,451961,453318,454563,456070,457459,458656,459620,460598,461515,462459,463480,464446,465279,466064,466801,467718,468681,469522,470405,471123,471756,472437,473173,473855,474472,475074,475561,475899,476413,476979,477426,477935,478546,478960,479297,479744,480216,480728,481306,481917,482424,482841,483372,483931,484573,485290,485971,486393,486767,487229,487870,488621,489254,489932,490468,490892,491367,492059,492887,493798,494755,495498,496107,496924,497797,498391,499627,500468,501144,501966,503003,504120,505349,506613,507920,509172,510310,511695,513127,514479,515989,517223,518841,520418,522105,523859,525694,527609,529594,531651,533622,535641,537718,539880,542099,544938,547411,549775,552482,555414,558383,561639,565030,568541,572378,576590,581113,585966,591299,597214,602908,608815,614936,621300,628111,635183,642449,647674,653151,657452,661693,666927,672319,677101,681426,684671,687328,691162,695032,698465,702163,704341,706833,710162,712277,715321,718249,719619,720471,721435,722036,723094,724209,726132,727510,729039,729798,730697,731531,732810,733866,735157,736221,737408,738805,740372,742151,744065,746035,747758,749425,751322,753240,755302,757569,759630,761916,764024,766266,768830,771073,773752,776466,778421,780146,782655,785482,788385,791553,794783,797559,800854,804103,807673,811700,816250,820913,825422,829199,833897,839082,844515,850502,856346,862384,868139,874501,881521,889167,897412,905807,914343,923163,932008,941343,951340,961044,969610,978616,988339,998923,1009975,1022414,1035884,1050220,1064195,1078212,1093266,1108748,1125045,1141157,0,0,0,0,0,0,0,0,0,0,0,0,0,0,0,0,0,0,0,0,0,0,0,0,0,0,0,0,0,0,0,0,0,0,0,0,0,0,0,0,0,0,0,0,0,0,0,0,0,0,0,0,0,0,0,0,0,0,0,0,0,0,0,0,0,0,0,0,0,0,0,0,0,0,0,0,0,0,0,0,0,0,0,0,0,0,0,0,0,0,0,0,0,0
Mexico,23.6345,-102.5528,0,0,0,0,0,0,0,0,0,0,0,0,0,0,0,0,0,0,0,0,0,0,0,0,0,0,0,0,0,0,0,0,0,0,0,0,0,0,0,0,0,1,1,1,1,1,1,1,4,4,4,4,4,4,4,4,4,4,4,4,4,4,4,4,4,4,4,4,35,35,35,35,633,633,633,633,633,633,633,633,633,1772,1843,1964,2125,2125,2125,2125,2627,2627,2627,2627,2627,2627,7149,8354,9086,11423,11423,11423,12377,12377,13447,13447,16810,17781,17781,20314,21824,21824,23100,25935,26990,28475,30451,31848,33329,35388,37325,38419,40152,42191,44424,46979,49452,51708,53834,56041,59003,61247,63772,66965,69749,72680,74758,77841,80830,83775,87633,90748,93930,97198,100876,104078,107298,112292,115394,118504,122180,126438,130854,134495,139383,143646,148487,152362,156827,160721,164646,170147,174538,178526,183757,189345,195724,199914,204826,209437,214316,219628,225356,229856,234905,240101,245830,252368,257681,264202,271239,254941,263091,267407,270147,275454,283382,288819,295222,303810,308142,314538,320100,327115,334867,342527,353442,357444,361764,365311,370098,377125,384432,393160,397278,401182,406583,410479,418164,424298,430840,433809,438375,442782,448344,453104,458123,466209,469206,472197,475532,479770,484283,489724,496222,501722,504541,510626,514663,518844,524669,531334,535141,538514,541804,547088,551113,557381,564053,569546,574203,579145,582109,586154,590459,596317,598953,601611,605796,609041,612361,616696,622398,625512,628007,629630,633806,637993,645123,670034,676923,679693,682604,687123,689377,694214,700826,703457,703489,707631,712250,715848,720973,727759,730594,733897,737437,740934,746939,752691,760259,763105,765128,770007,774567,779371,786516,795356,803086,804887,809063,812556,816659,824355,824355,824355,824355,736197,741340,745361,750190,754200,757951,762025,766361,770728,770728,779104,784693,791516,798037,803581,808618,813254,818397,823586,829817,836567,843231,852719,859643,866186,873555,881050,889168,896130,904042,911965,918681,927754,938089,945673,953762,962397,971115,978002,987328,996302,1005248,1015256,1023916,1031864,1038766,1048539,1058429,1066771,1074795,1083768,1090905,1098431,1105834,1113137,1119968,1127471,1134877,1143254,1150422,1160373,1168354,1176658,1185621,1199810,1212403,1223108,1237321,1251782,1264780,1264780,1291940,1306138,1320448,1335876,1348660,1362525,1376073,1390906,1403064,1412393,1425748,1436482,1450237,1450237,1472151,1482138,1490077,1501580,1511199,1519572,1528304,1535786,1542991,1548174,1555923,1563992,1571071,1577838,1584704,1590696,1595320,1602024,1607869,1614614,1620008,1625328,1630002,1633900,1639943,1645312,1650230,1655549,1660786,1666658,1670431,1675996,1681336,1685996,1691093,1696739,1701216,1705743,1711931,1716135,1720430,1724794,1729269,1733089,1736159,1740254,1744262,1748317,1752125,1755798,1759123,1761786,1765244,1769256,1773236,1777697,1781629,1785643,1788209,1791894,1795213,1798657,1802033,1804914,1807676,1809921,1812694,1815237,1817866,1820959,1823732,1826646,1829480,1833132,1836377,1839381,1841964,1845008,1848177,1850680,1853789,1856543,1858844,1861861,1864914,1867191,1869529,1872375,1875211,1877347,1879713,1881818,1884008,1886233,1888638,1891052,1893236,1895483,1897587,1899742,1901322,1903494,1905591,1907538,1909187,1911033,1912690,1914101,1916144,1917958,1919821,1921510,1923744,1924865,1926287,1928467,1930608,1932457,1934541,1936266,1937977,1939596,1941913,1944267,1946477,1948267,1950419,1952381,1954251,1956575,1960033,1962152,1964300,1966702,1966702,1971470,1974255,1977071,1979823,1982674,1985459,1988096,1990610,1994014,1997381,2000530,2003477,2007339,2010754,2014868,2019048,2023270,2027541,2031875,2036776,2041418,2045818,2051357,2056317,2061595,2068175,2074145,2080483,2086657,2095953,2104298,2112815,2120815,2120815,2140327,2148642,2160130,2171095,2181291,2192477,2204109,2215884,2226594,2241868,2257443,2270427,0,0,0,0,0,0,0,0,0,0,0,0,0,0,0,0,0,0,0,0,0,0,0,0,0,0,0,0,0,0,0,0,0,0,0,0,0,0,0,0,0,0,0,0,0,0,0,0,0,0,0,0,0,0,0,0,0,0,0,0,0,0,0,0,0,0,0,0,0,0,0,0,0,0,0,0,0,0,0,0,0,0,0,0,0,0,0,0,0,0,0,0,0,0